Day,detector_id,lane,speed,occupancy,volume
1,AID01101,Fast Lane,76,9,12
1,AID01102,Middle Lane,70,6,6
1,AID01102,Fast Lane,69,7,8
1,AID01102,Middle Lane,71,5,7
1,AID01102,Slow Lane,53,5,5
1,AID01103,Fast Lane,67,6,7
1,AID01103,Middle Lane,63,6,5
1,AID01103,Slow Lane,55,3,2
1,AID01104,Fast Lane,59,12,11
1,AID01105,Slow Lane,46,4,2
1,AID01105,Fast Lane,73,2,3
1,AID01105,Slow Lane,71,2,5
1,AID01106,Fast Lane,10,50,5
1,AID01106,Slow Lane,13,27,5
1,AID01107,Fast Lane,49,23,16
1,AID01108,Fast Lane,63,4,6
1,AID01108,Slow Lane,71,4,9
1,AID01109,Fast Lane,16,23,8
1,AID01109,Slow Lane,45,8,9
1,AID01110,Fast Lane,41,13,8
1,AID01110,Middle Lane,26,27,10
1,AID01110,Slow Lane,36,23,11
1,AID01111,Fast Lane,48,21,14
1,AID01111,Middle Lane ,54,10,6
1,AID01111,Middle Lane ,58,11,9
1,AID01111,Slow Lane,57,4,3
1,AID01112,Fast Lane,51,12,9
1,AID01112,Middle Lane ,42,8,6
1,AID01112,Middle Lane ,52,8,7
1,AID01112,Slow Lane,60,4,2
1,AID01113,Fast Lane,75,3,6
1,AID01113,Middle Lane,65,6,7
1,AID01114,Fast Lane,75,1,4
1,AID01114,Middle Lane,70,2,4
1,AID01114,Slow Lane,53,4,5
1,AID01115,Fast Lane,53,7,9
1,AID01115,Middle Lane,54,1,1
1,AID01115,Slow Lane,42,4,4
1,AID01116,Fast Lane,64,6,7
1,AID01116,Slow Lane,65,2,4
1,AID01117,Fast Lane,13,48,5
1,AID01117,Middle Lane,22,3,2
1,AID01117,Middle Lane,10,47,7
1,AID01118,Fast Lane,23,14,9
1,AID01118,Middle Lane,22,20,11
1,AID01118,Slow Lane,42,3,3
1,AID01120,Fast Lane,64,5,6
1,AID01120,Middle Lane,69,2,3
1,AID01120,Slow Lane,36,7,4
1,AID01121,Fast Lane,58,12,14
1,AID01121,Slow Lane,68,4,3
1,AID01122,Fast Lane,78,4,6
1,AID01123,Fast Lane,52,7,12
1,AID01123,Slow Lane,43,4,4
1,AID01124,Fast Lane,74,5,7
1,AID01124,Slow Lane,69,7,8
1,AID01125,Fast Lane,74,9,16
1,AID01125,Slow Lane,66,4,7
1,AID01126,Fast Lane,78,10,13
1,AID01126,Slow Lane,68,8,7
1,AID01127,Fast Lane,81,6,9
1,AID01127,Slow Lane,94,10,7
1,AID01128,Fast Lane,87,4,8
1,AID01128,Slow Lane,74,13,14
1,AID01129,Fast Lane,62,9,13
1,AID01129,Slow Lane,40,23,13
1,AID01131,Fast Lane,96,3,6
1,AID01131,Slow Lane,84,4,6
1,AID01132,Fast Lane,93,2,3
1,AID01132,Middle Lane,87,2,5
1,AID01132,Slow Lane,86,2,4
1,AID01133,Fast Lane,102,1,3
1,AID01133,Slow Lane,97,1,2
1,AID01134,Fast Lane,77,8,12
1,AID01134,Slow Lane,79,3,5
1,AID01135,Fast Lane,88,2,6
1,AID01135,Slow Lane,90,8,15
1,AID01136,Fast Lane,77,7,11
1,AID01136,Slow Lane,75,5,7
1,AID01201,Fast Lane,58,7,11
1,AID01201,Slow Lane,44,16,13
1,AID01202,Fast Lane,58,5,8
1,AID01202,Slow Lane,61,1,3
1,AID01203,Fast Lane,66,3,5
1,AID01203,Slow Lane,68,2,4
1,AID01204,Fast Lane,22,27,6
1,AID01204,Middle Lane,23,5,3
1,AID01204,Slow Lane,16,17,5
1,AID01206,Fast Lane,28,25,13
1,AID01206,Slow Lane,37,12,7
1,AID01207,Fast Lane,50,14,16
1,AID01207,Middle Lane,40,13,7
1,AID01208,Fast Lane,61,12,16
1,AID01208,Slow Lane,57,4,6
1,AID01209,Fast Lane,76,4,7
1,AID01209,Middle Lane,72,2,4
1,AID01209,Slow Lane,39,4,4
1,AID01210,Fast Lane,59,8,11
2,AID01101,Middle Lane,82,3,3
2,AID01102,Fast Lane,82,4,6
2,AID01102,Slow Lane,67,5,5
2,AID01103,Fast Lane,45,17,12
2,AID01103,Middle Lane,46,6,5
2,AID01103,Slow Lane,61,2,3
2,AID01104,Fast Lane,77,4,5
2,AID01104,Slow Lane,69,5,3
2,AID01105,Fast Lane,79,8,8
2,AID01105,Slow Lane,88,5,4
2,AID01106,Fast Lane,45,11,9
2,AID01106,Slow Lane,51,1,1
2,AID01107,Fast Lane,61,9,9
2,AID01107,Slow Lane,35,10,2
2,AID01109,Fast Lane,61,8,7
2,AID01109,Slow Lane,46,10,8
2,AID01110,Fast Lane,57,4,4
2,AID01110,Middle Lane,43,13,11
2,AID01110,Slow Lane,42,20,15
2,AID01111,Fast Lane,65,14,16
2,AID01111,Middle Lane,74,5,6
2,AID01111,Middle Lane,66,6,3
2,AID01111,Slow Lane,57,1,5
2,AID01112,Fast Lane,62,9,11
2,AID01112,Middle Lane,79,1,2
2,AID01112,Middle Lane,61,6,8
2,AID01112,Slow Lane,51,1,2
2,AID01113,Fast Lane,73,2,4
2,AID01113,Middle Lane,71,4,5
2,AID01114,Fast Lane,73,3,5
2,AID01114,Middle Lane,66,3,6
2,AID01114,Slow Lane,64,2,5
2,AID01115,Fast Lane,59,8,10
2,AID01115,Middle Lane,66,5,3
2,AID01115,Slow Lane,70,4,1
2,AID01116,Fast Lane,72,5,8
2,AID01116,Slow Lane,54,3,1
2,AID01117,Fast Lane,63,5,6
2,AID01117,Middle Lane,56,4,5
2,AID01117,Middle Lane,59,4,5
2,AID01117,Slow Lane,57,4,4
2,AID01118,Middle Lane,4,4,1
2,AID01118,Slow Lane,33,7,5
2,AID01120,Fast Lane,70,5,7
2,AID01120,Middle Lane,78,2,3
2,AID01120,Slow Lane,49,7,8
2,AID01121,Fast Lane,70,5,7
2,AID01121,Slow Lane,55,2,2
2,AID01122,Fast Lane,74,6,9
2,AID01122,Slow Lane,62,10,4
2,AID01123,Fast Lane,39,23,16
2,AID01123,Slow Lane,43,13,7
2,AID01124,Fast Lane,78,10,18
2,AID01124,Slow Lane,67,9,10
2,AID01125,Fast Lane,83,3,5
2,AID01125,Slow Lane,75,8,6
2,AID01126,Fast Lane,79,8,11
2,AID01126,Slow Lane,74,7,6
2,AID01127,Fast Lane,69,15,16
2,AID01127,Slow Lane,72,13,11
2,AID01128,Fast Lane,95,3,7
2,AID01128,Slow Lane,80,8,12
2,AID01129,Fast Lane,72,5,8
2,AID01129,Slow Lane,69,10,12
2,AID01131,Fast Lane,99,3,8
2,AID01131,Slow Lane,88,3,6
2,AID01132,Fast Lane,97,5,7
2,AID01132,Middle Lane,83,7,8
2,AID01133,Fast Lane,106,2,6
2,AID01133,Slow Lane,91,5,5
2,AID01134,Fast Lane,86,5,9
2,AID01134,Slow Lane,71,4,4
2,AID01135,Fast Lane,95,2,5
2,AID01135,Slow Lane,96,3,7
2,AID01136,Fast Lane,80,1,3
2,AID01136,Slow Lane,87,4,5
2,AID01201,Fast Lane,59,4,7
2,AID01201,Slow Lane,48,20,14
2,AID01202,Fast Lane,55,6,7
2,AID01202,Slow Lane,44,2,1
2,AID01203,Fast Lane,8,52,6
2,AID01203,Slow Lane,11,43,6
2,AID01204,Fast Lane,8,22,3
2,AID01204,Middle Lane,11,10,1
2,AID01206,Fast Lane,22,25,14
2,AID01206,Slow Lane,10,28,3
2,AID01207,Fast Lane,43,17,18
2,AID01207,Middle Lane,3,23,2
2,AID01208,Fast Lane,66,9,12
2,AID01208,Slow Lane,70,2,4
2,AID01209,Fast Lane,69,4,6
2,AID01209,Middle Lane,65,4,7
2,AID01209,Slow Lane,54,6,9
2,AID01210,Fast Lane,68,2,4
3,AID01101,Fast Lane,72,1,3
3,AID01101,Middle Lane,76,4,4
3,AID01101,Slow Lane,37,2,1
3,AID01102,Fast Lane,74,2,5
3,AID01102,Middle Lane,64,3,5
3,AID01102,Slow Lane,69,2,3
3,AID01103,Fast Lane,74,5,8
3,AID01103,Middle Lane,69,2,3
3,AID01104,Fast Lane,76,1,2
3,AID01105,Fast Lane,71,3,4
3,AID01105,Slow Lane,96,1,2
3,AID01106,Fast Lane,53,14,11
3,AID01106,Slow Lane,42,8,2
3,AID01107,Fast Lane,58,10,13
3,AID01107,Slow Lane,69,1,1
3,AID01108,Fast Lane,77,6,6
3,AID01108,Slow Lane,81,2,3
3,AID01109,Fast Lane,71,7,9
3,AID01110,Fast Lane,59,3,4
3,AID01110,Middle Lane,67,2,4
3,AID01110,Slow Lane,66,1,2
3,AID01111,Fast Lane,73,8,11
3,AID01111,Middle Lane,110,2,1
3,AID01111,Middle Lane,79,3,1
3,AID01111,Slow Lane,69,1,4
3,AID01112,Fast Lane,68,10,6
3,AID01112,Middle Lane,69,2,4
3,AID01112,Slow Lane,54,3,6
3,AID01113,Fast Lane,77,1,3
3,AID01113,Middle Lane,69,1,2
3,AID01114,Fast Lane,72,2,4
3,AID01114,Middle Lane,59,4,4
3,AID01115,Fast Lane,73,4,8
3,AID01115,Slow Lane,54,3,4
3,AID01116,Fast Lane,67,4,7
3,AID01116,Slow Lane,78,3,4
3,AID01117,Fast Lane,82,4,5
3,AID01117,Middle Lane,82,3,4
3,AID01118,Fast Lane,70,3,4
3,AID01118,Middle Lane,67,8,7
3,AID01118,Slow Lane,30,1,1
3,AID01119,Fast Lane,67,1,2
3,AID01119,Middle Lane,51,7,4
3,AID01119,Slow Lane,52,4,3
3,AID01120,Fast Lane,87,2,4
3,AID01120,Middle Lane,77,6,5
3,AID01121,Fast Lane,66,7,11
3,AID01121,Slow Lane,70,3,5
3,AID01122,Fast Lane,77,3,7
3,AID01123,Fast Lane,63,3,7
3,AID01123,Slow Lane,46,4,6
3,AID01124,Fast Lane,89,1,3
3,AID01124,Slow Lane,80,2,3
3,AID01125,Fast Lane,74,3,6
3,AID01125,Slow Lane,71,8,5
3,AID01126,Fast Lane,82,5,7
3,AID01126,Slow Lane,67,9,6
3,AID01127,Fast Lane,80,4,7
3,AID01127,Slow Lane,84,5,5
3,AID01128,Fast Lane,88,4,8
3,AID01128,Slow Lane,86,4,4
3,AID01129,Fast Lane,80,4,7
3,AID01129,Slow Lane,66,13,9
3,AID01131,Fast Lane,97,1,2
3,AID01131,Slow Lane,80,2,2
3,AID01132,Fast Lane,100,1,2
3,AID01132,Slow Lane,79,2,4
3,AID01133,Fast Lane,106,3,6
3,AID01133,Slow Lane,92,2,3
3,AID01134,Fast Lane,83,5,8
3,AID01134,Slow Lane,74,5,6
3,AID01135,Fast Lane,84,2,3
3,AID01135,Slow Lane,91,2,4
3,AID01201,Fast Lane,61,5,10
3,AID01201,Slow Lane,50,16,14
3,AID01202,Fast Lane,57,5,7
3,AID01202,Slow Lane,51,5,4
3,AID01203,Fast Lane,58,4,5
3,AID01203,Slow Lane,52,5,4
3,AID01204,Fast Lane,37,5,5
3,AID01204,Middle Lane,44,3,4
3,AID01204,Slow Lane,37,4,3
3,AID01205,Fast Lane,63,1,2
3,AID01206,Fast Lane,42,20,17
3,AID01206,Slow Lane,47,13,11
3,AID01207,Fast Lane,61,3,4
3,AID01207,Middle Lane ,55,3,3
3,AID01207,Middle Lane ,60,5,4
3,AID01207,Slow Lane,50,3,2
3,AID01208,Fast Lane,68,4,6
3,AID01208,Slow Lane,61,3,5
3,AID01209,Fast Lane,72,8,13
3,AID01209,Middle Lane,58,6,5
3,AID01209,Slow Lane,60,6,7
3,AID01210,Fast Lane,66,3,5
4,TDS10001,Fast Lane,86,2,3
4,TDS10001,Middle Lane,78,6,6
4,TDS10001,Slow Lane,62,1,1
4,TDS10002,Fast Lane,68,1,1
4,TDS10003,Fast Lane,70,4,4
4,TDS10003,Slow Lane,95,4,3
4,TDS10004,Fast Lane,90,4,4
4,TDS10004,Middle Lane,75,9,6
4,TDS10005,Slow Lane,88,2,1
4,TDS10006,Fast Lane,73,2,2
4,TDS10006,Slow Lane,58,3,1
4,TDS10007,Fast Lane,74,5,5
4,TDS10007,Slow Lane,70,11,7
4,TDS10010,Fast Lane,77,12,9
4,TDS10010,Slow Lane,72,10,5
4,TDS10011,Fast Lane,79,8,5
4,TDS10011,Middle Lane,62,4,2
4,TDS10011,Slow Lane,26,15,6
4,TDS10012,Fast Lane,49,4,5
4,TDS10012,Middle Lane,65,5,3
4,TDS10012,Slow Lane,67,5,3
4,TDS10013,Fast Lane,91,8,7
4,TDS10013,Middle Lane,96,10,6
4,TDS20001,Fast Lane,57,1,1
4,TDS20002,Fast Lane,94,4,4
4,TDS20002,Slow Lane,104,6,3
4,TDS20003,Fast Lane,53,7,4
4,TDS20003,Middle Lane,89,2,2
4,TDS20003,Middle Lane,54,2,2
4,TDS20003,Slow Lane,71,2,2
4,TDS20004,Fast Lane,45,2,2
4,TDS20004,Middle Lane,114,5,4
4,TDS20004,Slow Lane,73,6,4
4,TDS20005,Fast Lane,58,4,4
4,TDS20005,Middle Lane,79,9,6
4,TDS20005,Slow Lane,91,4,4
4,TDS20006,Fast Lane,77,3,2
4,TDS20006,Middle Lane,83,7,4
4,TDS20006,Slow Lane,71,8,5
4,TDS20007,Fast Lane,57,4,4
4,TDS20007,Slow Lane,64,4,2
4,TDS20008,Fast Lane,87,1,2
4,TDS20009,Fast Lane,91,12,5
4,TDS20009,Slow Lane,73,13,6
4,TDS30001,Fast Lane,96,5,5
4,TDS30001,Middle Lane,82,4,4
4,TDS30001,Slow Lane,68,5,3
4,TDS30002,Middle Lane,70,2,2
4,TDS30002,Slow Lane,65,3,1
4,TDS30003,Middle Lane,95,3,3
4,TDS30003,Slow Lane,76,2,1
4,TDS30004,Middle Lane,125,4,2
4,TDS30004,Slow Lane,54,6,1
4,TDS30005,Fast Lane,103,1,1
4,TDS30006,Fast Lane,119,1,2
4,TDS30006,Middle Lane,75,3,3
4,TDS30006,Slow Lane,90,4,2
4,TDS30008,Fast Lane,108,1,1
4,TDS30008,Slow Lane,72,4,2
4,TDS90001,Fast Lane,90,2,3
4,TDS90001,Middle Lane,70,7,6
4,TDS90002,Fast Lane,81,5,5
4,TDS90002,Middle Lane,95,6,2
4,TDS90002,Middle Lane,75,8,6
4,TDS90002,Slow Lane,49,4,1
4,TDS90003,Fast Lane,54,1,2
4,TDS90003,Middle Lane,77,11,9
4,TDS90003,Slow Lane,64,2,2
4,TDS90004,Fast Lane,95,3,3
4,TDS90004,Middle Lane,74,2,2
4,TDS90004,Middle Lane,77,5,4
4,TDS90004,Slow Lane,27,5,1
4,TDS90005,Fast Lane,111,1,1
4,TDS90005,Middle Lane,86,5,4
4,TDS90005,Slow Lane,78,3,2
4,TDS90010,Fast Lane,84,4,4
4,TDS90011,Fast Lane,81,6,5
4,TDS90011,Slow Lane,101,2,3
4,TDS90012,Fast Lane,71,1,3
4,TDS90012,Slow Lane,77,4,5
4,TDS90013,Fast Lane,80,1,1
4,TDS90013,Middle Lane,94,6,4
4,TDS90013,Slow Lane,57,3,2
4,TDS90014,Fast Lane,114,1,1
4,TDS90014,Middle Lane,76,4,4
4,TDS90014,Slow Lane,57,3,1
4,TDS90015,Fast Lane,73,3,2
4,TDS90015,Middle Lane,120,4,3
4,TDS90016,Fast Lane,97,1,1
4,TDS90016,Middle Lane,65,2,2
4,TDS90016,Middle Lane,78,3,3
4,TDS90016,Slow Lane,51,6,2
4,TDS90017,Middle Lane,89,5,5
4,TDS90017,Slow Lane,92,1,2
5,TDS10001,Fast Lane,13,64,6
5,TDS10001,Middle Lane,18,60,10
5,TDS10001,Slow Lane,35,27,13
5,TDS10003,Fast Lane,81,5,1
5,TDS10003,Slow Lane,76,11,9
5,TDS10004,Fast Lane,78,18,11
5,TDS10004,Middle Lane,74,21,8
5,TDS10004,Slow Lane,81,6,4
5,TDS10005,Fast Lane,83,4,4
5,TDS10005,Slow Lane,74,5,3
5,TDS10006,Fast Lane,66,7,7
5,TDS10007,Fast Lane,47,23,15
5,TDS10007,Slow Lane,51,22,8
5,TDS10010,Fast Lane,36,48,13
5,TDS10010,Slow Lane,35,46,11
5,TDS10011,Fast Lane,12,72,5
5,TDS10011,Middle Lane,22,54,8
5,TDS10011,Slow Lane,29,9,3
5,TDS10012,Fast Lane,24,16,7
5,TDS10012,Middle Lane,35,13,7
5,TDS10013,Fast Lane,28,56,6
5,TDS10013,Middle Lane,47,36,9
5,TDS10013,Slow Lane,62,16,4
5,TDS20001,Fast Lane,8,75,3
5,TDS20001,Slow Lane,8,74,4
5,TDS20002,Fast Lane,46,14,8
5,TDS20002,Slow Lane,38,10,5
5,TDS20003,Fast Lane,63,14,9
5,TDS20003,Middle Lane,51,30,10
5,TDS20003,Middle Lane,54,14,4
5,TDS20003,Slow Lane,57,29,13
5,TDS20004,Fast Lane,63,18,10
5,TDS20004,Middle Lane,77,17,7
5,TDS20004,Slow Lane,63,21,12
5,TDS20005,Fast Lane,84,14,6
5,TDS20005,Middle Lane,81,17,10
5,TDS20005,Slow Lane,73,17,12
5,TDS20006,Fast Lane,63,35,17
5,TDS20006,Middle Lane,50,44,16
5,TDS20006,Slow Lane,42,44,17
5,TDS20007,Fast Lane,55,25,17
5,TDS20007,Slow Lane,55,12,4
5,TDS20008,Fast Lane,57,24,17
5,TDS20008,Slow Lane,53,29,13
5,TDS20009,Fast Lane,30,51,12
5,TDS20009,Slow Lane,62,1,1
5,TDS30001,Fast Lane,73,23,19
5,TDS30001,Middle Lane,63,19,5
5,TDS30001,Slow Lane,72,20,7
5,TDS30002,Fast Lane,65,24,19
5,TDS30002,Middle Lane,60,29,8
5,TDS30002,Slow Lane,61,27,8
5,TDS30003,Fast Lane,75,22,19
5,TDS30003,Middle Lane,71,30,15
5,TDS30003,Slow Lane,65,13,5
5,TDS30004,Fast Lane,70,16,16
5,TDS30004,Middle Lane,91,15,11
5,TDS30004,Slow Lane,62,13,2
5,TDS30005,Fast Lane,77,8,8
5,TDS30005,Middle Lane,91,5,3
5,TDS30005,Middle Lane,77,8,8
5,TDS30005,Slow Lane,93,5,5
5,TDS30006,Fast Lane,103,11,11
5,TDS30006,Middle Lane,81,11,8
5,TDS30006,Slow Lane,73,13,3
5,TDS30007,Slow Lane,81,5,3
5,TDS30008,Fast Lane,87,3,4
5,TDS30008,Slow Lane,87,7,5
5,TDS90001,Fast Lane,76,16,14
5,TDS90001,Middle Lane,66,12,5
5,TDS90001,Slow Lane,77,10,5
5,TDS90002,Fast Lane,69,15,12
5,TDS90002,Middle Lane,70,16,9
5,TDS90002,Middle Lane,61,17,6
5,TDS90002,Slow Lane,62,5,1
5,TDS90003,Fast Lane,16,42,11
5,TDS90003,Middle Lane,15,60,9
5,TDS90003,Slow Lane,12,87,5
5,TDS90004,Fast Lane,18,53,10
5,TDS90004,Middle Lane ,16,59,10
5,TDS90004,Middle Lane,15,59,9
5,TDS90004,Slow Lane,34,9,1
5,TDS90005,Fast Lane,7,82,4
5,TDS90005,Middle Lane,15,69,8
5,TDS90005,Slow Lane,37,39,5
5,TDS90010,Fast Lane,80,13,8
5,TDS90010,Slow Lane,80,10,4
5,TDS90011,Fast Lane,99,3,3
5,TDS90011,Slow Lane,92,4,3
5,TDS90012,Fast Lane,74,4,5
5,TDS90012,Slow Lane,81,2,3
5,TDS90013,Fast Lane,97,4,4
5,TDS90013,Middle Lane,74,6,6
5,TDS90013,Slow Lane,56,5,3
5,TDS90014,Fast Lane,54,3,3
5,TDS90014,Middle Lane,72,9,7
5,TDS90014,Slow Lane,63,3,4
5,TDS90015,Fast Lane,147,1,1
5,TDS90015,Middle Lane,79,11,10
5,TDS90015,Slow Lane,75,6,6
5,TDS90016,Fast Lane,60,4,4
5,TDS90016,Middle Lane,63,11,5
5,TDS90016,Middle Lane,59,15,6
5,TDS90017,Fast Lane,93,7,7
5,TDS90017,Middle Lane,80,22,11
5,TDS90017,Slow Lane,93,11,3
5,TDS90018,Fast Lane,82,7,6
5,TDS90018,Middle Lane,77,23,12
6,TDS10001,Fast Lane,13,47,10
6,TDS10001,Middle Lane,12,71,8
6,TDS10001,Slow Lane,40,35,10
6,TDS10002,Fast Lane,78,6,5
6,TDS10002,Slow Lane,59,10,5
6,TDS10003,Fast Lane,66,2,2
6,TDS10003,Slow Lane,67,8,7
6,TDS10004,Fast Lane,80,9,7
6,TDS10004,Middle Lane,69,9,6
6,TDS10005,Fast Lane,69,6,7
6,TDS10005,Slow Lane,88,4,2
6,TDS10006,Fast Lane,65,11,9
6,TDS10006,Slow Lane,67,4,3
6,TDS10007,Fast Lane,54,19,13
6,TDS10007,Slow Lane,46,25,11
6,TDS10010,Fast Lane,50,19,8
6,TDS10010,Slow Lane,53,37,15
6,TDS10011,Fast Lane,28,43,7
6,TDS10011,Middle Lane,51,23,12
6,TDS10011,Slow Lane,22,10,3
6,TDS10012,Fast Lane,27,27,12
6,TDS10012,Middle Lane,30,37,12
6,TDS10012,Slow Lane,69,4,4
6,TDS10013,Fast Lane,31,58,11
6,TDS10013,Middle Lane,35,40,12
6,TDS10013,Slow Lane,69,4,1
6,TDS20001,Fast Lane,52,3,2
6,TDS20001,Slow Lane,56,11,6
6,TDS20002,Fast Lane,64,8,8
6,TDS20002,Slow Lane,64,12,5
6,TDS20003,Fast Lane,66,18,13
6,TDS20003,Middle Lane,72,20,11
6,TDS20003,Middle Lane ,61,12,3
6,TDS20003,Slow Lane,67,19,9
6,TDS20004,Fast Lane,72,18,10
6,TDS20004,Middle Lane,67,19,8
6,TDS20004,Slow Lane,64,19,13
6,TDS20005,Fast Lane,91,20,11
6,TDS20005,Middle Lane,78,19,10
6,TDS20005,Slow Lane,75,17,11
6,TDS20006,Fast Lane,68,28,17
6,TDS20006,Middle Lane,62,32,15
6,TDS20006,Slow Lane,48,34,13
6,TDS20007,Fast Lane,57,15,13
6,TDS20007,Slow Lane,64,17,7
6,TDS20008,Fast Lane,63,22,15
6,TDS20008,Slow Lane,55,30,11
6,TDS20009,Fast Lane,28,71,9
6,TDS20009,Slow Lane,64,7,5
6,TDS30001,Fast Lane,75,18,14
6,TDS30001,Middle Lane,70,21,11
6,TDS30001,Slow Lane,71,22,5
6,TDS30002,Fast Lane,81,23,18
6,TDS30002,Middle Lane,63,23,9
6,TDS30002,Slow Lane,64,12,5
6,TDS30003,Fast Lane,86,20,20
6,TDS30003,Middle Lane,81,18,11
6,TDS30003,Slow Lane,78,2,1
6,TDS30004,Fast Lane,83,12,14
6,TDS30004,Middle Lane,84,19,10
6,TDS30004,Slow Lane,73,20,2
6,TDS30005,Fast Lane,82,20,23
6,TDS30005,Middle Lane,96,12,4
6,TDS30005,Middle Lane,73,14,9
6,TDS30005,Slow Lane,79,3,1
6,TDS30006,Fast Lane,93,20,19
6,TDS30006,Middle Lane,74,24,10
6,TDS30006,Slow Lane,67,16,3
6,TDS30007,Fast Lane,130,3,4
6,TDS30007,Slow Lane,78,1,2
6,TDS30008,Fast Lane,97,2,3
6,TDS30008,Slow Lane,63,5,3
6,TDS90001,Fast Lane,65,8,9
6,TDS90001,Middle Lane,90,12,7
6,TDS90001,Slow Lane,66,13,4
6,TDS90002,Fast Lane,78,10,8
6,TDS90002,Middle Lane ,84,9,5
6,TDS90002,Middle Lane,75,11,5
6,TDS90003,Fast Lane,61,10,9
6,TDS90003,Middle Lane,57,23,15
6,TDS90003,Slow Lane,60,16,10
6,TDS90004,Fast Lane,57,10,10
6,TDS90004,Middle Lane,58,21,14
6,TDS90004,Middle Lane,45,13,10
6,TDS90005,Fast Lane,18,56,8
6,TDS90005,Middle Lane,19,61,9
6,TDS90005,Slow Lane,37,44,11
6,TDS90010,Fast Lane,85,11,8
6,TDS90010,Slow Lane,74,11,6
6,TDS90011,Fast Lane,81,3,3
6,TDS90011,Slow Lane,85,4,4
6,TDS90012,Fast Lane,84,7,8
6,TDS90012,Slow Lane,78,2,3
6,TDS90013,Fast Lane,82,7,7
6,TDS90013,Middle Lane,76,11,6
6,TDS90014,Fast Lane,107,1,2
6,TDS90014,Middle Lane,65,10,10
6,TDS90014,Slow Lane,58,8,4
6,TDS90015,Middle Lane,72,10,8
6,TDS90015,Slow Lane,102,3,2
6,TDS90016,Fast Lane,89,2,2
6,TDS90016,Middle Lane,57,12,6
6,TDS90016,Middle Lane,70,9,5
6,TDS90016,Slow Lane,54,14,5
6,TDS90017,Fast Lane,99,5,6
6,TDS90017,Middle Lane,79,18,12
6,TDS90017,Slow Lane,75,4,2
7,TDS10001,Fast Lane,12,49,8
7,TDS10001,Middle Lane,10,65,7
7,TDS10001,Slow Lane,51,25,15
7,TDS10002,Fast Lane,73,9,8
7,TDS10002,Slow Lane,65,9,6
7,TDS10003,Fast Lane,75,6,5
7,TDS10003,Slow Lane,79,4,3
7,TDS10004,Fast Lane,80,10,7
7,TDS10004,Middle Lane,72,10,7
7,TDS10004,Slow Lane,58,8,2
7,TDS10005,Fast Lane,83,4,4
7,TDS10005,Slow Lane,74,3,2
7,TDS10006,Fast Lane,50,14,9
7,TDS10006,Slow Lane,48,12,6
7,TDS10007,Fast Lane,54,17,15
7,TDS10007,Slow Lane,53,20,10
7,TDS10010,Fast Lane,56,33,17
7,TDS10010,Slow Lane,55,27,13
7,TDS10011,Fast Lane,55,31,14
7,TDS10011,Middle Lane,54,16,7
7,TDS10011,Slow Lane,31,12,3
7,TDS10012,Fast Lane,61,15,15
7,TDS10012,Middle Lane,65,22,12
7,TDS10012,Slow Lane,70,7,3
7,TDS10013,Fast Lane,45,33,12
7,TDS10013,Middle Lane,62,23,10
7,TDS10013,Slow Lane,64,9,2
7,TDS20001,Fast Lane,71,16,12
7,TDS20001,Slow Lane,72,20,6
7,TDS20002,Fast Lane,73,12,10
7,TDS20002,Slow Lane,74,15,5
7,TDS20003,Fast Lane,57,15,11
7,TDS20003,Middle Lane,72,20,13
7,TDS20003,Middle Lane,70,6,4
7,TDS20003,Slow Lane,66,12,7
7,TDS20004,Fast Lane,64,17,11
7,TDS20004,Middle Lane,86,13,7
7,TDS20004,Slow Lane,56,27,15
7,TDS20005,Fast Lane,77,20,11
7,TDS20005,Middle Lane,101,11,7
7,TDS20005,Slow Lane,77,21,14
7,TDS20006,Fast Lane,66,20,12
7,TDS20006,Middle Lane,65,22,13
7,TDS20006,Slow Lane,57,27,15
7,TDS20007,Fast Lane,57,20,12
7,TDS20007,Slow Lane,60,14,7
7,TDS20008,Fast Lane,54,20,16
7,TDS20008,Slow Lane,50,14,8
7,TDS20009,Fast Lane,46,51,11
7,TDS20009,Slow Lane,61,13,6
7,TDS30001,Fast Lane,61,18,16
7,TDS30001,Middle Lane,74,12,13
7,TDS30001,Slow Lane,70,12,6
7,TDS30002,Fast Lane,80,11,12
7,TDS30002,Middle Lane,53,13,7
7,TDS30002,Slow Lane,62,20,4
7,TDS30003,Fast Lane,92,11,12
7,TDS30003,Middle Lane,77,13,8
7,TDS30003,Slow Lane,62,17,5
7,TDS30004,Fast Lane,70,9,11
7,TDS30004,Middle Lane,100,19,12
7,TDS30004,Slow Lane,115,10,2
7,TDS30005,Fast Lane,97,6,11
7,TDS30005,Middle Lane ,99,10,6
7,TDS30005,Middle Lane,95,3,6
7,TDS30005,Slow Lane,89,3,3
7,TDS30006,Fast Lane,90,9,10
7,TDS30006,Middle Lane,77,9,5
7,TDS30006,Slow Lane,72,18,4
7,TDS30007,Fast Lane,86,3,5
7,TDS30007,Slow Lane,72,10,5
7,TDS30008,Fast Lane,112,5,6
7,TDS30008,Slow Lane,92,7,4
7,TDS90001,Fast Lane,75,20,16
7,TDS90001,Middle Lane,75,17,10
7,TDS90001,Slow Lane,66,8,3
7,TDS90004,Fast Lane,35,34,11
7,TDS90004,Middle Lane ,18,61,9
7,TDS90004,Middle Lane,20,46,9
7,TDS90005,Fast Lane,23,40,11
7,TDS90005,Middle Lane,33,26,8
7,TDS90005,Slow Lane,38,45,11
7,TDS90010,Fast Lane,69,18,8
7,TDS90010,Slow Lane,74,3,1
7,TDS90011,Fast Lane,73,9,6
7,TDS90011,Slow Lane,71,12,3
7,TDS90012,Fast Lane,67,8,8
7,TDS90012,Slow Lane,72,8,4
7,TDS90013,Fast Lane,118,2,2
7,TDS90013,Middle Lane,63,10,7
7,TDS90014,Fast Lane,86,3,3
7,TDS90014,Middle Lane,67,10,9
7,TDS90014,Slow Lane,53,3,1
7,TDS90015,Fast Lane,86,2,2
7,TDS90015,Middle Lane,77,19,15
7,TDS90015,Slow Lane,79,11,1
7,TDS90016,Fast Lane,74,14,9
7,TDS90016,Middle Lane,73,12,2
7,TDS90016,Middle Lane,66,21,7
7,TDS90016,Slow Lane,57,8,3
7,TDS90017,Fast Lane,104,12,9
7,TDS90017,Middle Lane,86,15,6
7,TDS90017,Slow Lane,82,8,3
7,TDS90018,Fast Lane,79,1,1
7,TDS90018,Middle Lane,74,14,5
7,TDS90018,Slow Lane,73,7,2
7,TDS90020,Fast Lane,63,6,6
7,TDS90020,Middle Lane,51,22,9
7,TDS90020,Slow Lane,62,14,8
7,TDS90021,Fast Lane,75,6,6
8,AID01101,Fast Lane,85,1,2
8,AID01101,Middle Lane,60,3,2
8,AID01101,Slow Lane,39,2,1
8,AID01102,Fast Lane,65,8,10
8,AID01102,Middle Lane,64,6,6
8,AID01102,Slow Lane,62,2,2
8,AID01103,Fast Lane,75,7,9
8,AID01103,Slow Lane,40,6,2
8,AID01104,Fast Lane,74,6,7
8,AID01104,Slow Lane,53,13,6
8,AID01105,Fast Lane,79,8,12
8,AID01105,Slow Lane,69,7,5
8,AID01106,Fast Lane,53,8,9
8,AID01107,Fast Lane,67,8,9
8,AID01108,Fast Lane,64,8,10
8,AID01108,Slow Lane,64,6,5
8,AID01109,Fast Lane,55,1,1
8,AID01109,Slow Lane,58,5,5
8,AID01110,Fast Lane,61,5,6
8,AID01110,Middle Lane,55,7,8
8,AID01110,Slow Lane,51,1,3
8,AID01111,Fast Lane,64,9,11
8,AID01111,Middle Lane,68,6,5
8,AID01111,Middle Lane,70,5,5
8,AID01111,Slow Lane,61,3,6
8,AID01112,Fast Lane,71,2,4
8,AID01112,Middle Lane,64,6,2
8,AID01112,Middle Lane,56,10,6
8,AID01112,Slow Lane,50,5,10
8,AID01113,Fast Lane,72,4,8
8,AID01113,Middle Lane,72,2,3
8,AID01114,Fast Lane,70,2,4
8,AID01114,Middle Lane,79,3,4
8,AID01115,Fast Lane,64,3,5
8,AID01115,Slow Lane,50,5,4
8,AID01116,Fast Lane,65,4,6
8,AID01116,Slow Lane,66,2,2
8,AID01117,Fast Lane,68,4,5
8,AID01117,Middle Lane,61,1,2
8,AID01117,Middle Lane,66,2,3
8,AID01117,Slow Lane,59,1,2
8,AID01118,Fast Lane,61,3,4
8,AID01118,Middle Lane,53,6,4
8,AID01119,Fast Lane,51,6,6
8,AID01119,Middle Lane,44,10,8
8,AID01119,Slow Lane,34,10,6
8,AID01120,Fast Lane,71,3,5
8,AID01120,Middle Lane,56,4,3
8,AID01120,Slow Lane,41,14,9
8,AID01121,Slow Lane,65,4,3
8,AID01122,Fast Lane,71,3,5
8,AID01122,Slow Lane,76,2,3
8,AID01123,Fast Lane,52,7,11
8,AID01123,Slow Lane,44,7,9
8,AID01124,Fast Lane,74,4,8
8,AID01124,Slow Lane,74,7,9
8,AID01125,Fast Lane,75,7,10
8,AID01125,Slow Lane,58,5,4
8,AID01126,Fast Lane,88,9,11
8,AID01126,Slow Lane,70,5,6
8,AID01127,Fast Lane,76,12,13
8,AID01127,Slow Lane,72,6,6
8,AID01128,Fast Lane,88,5,8
8,AID01128,Slow Lane,78,6,8
8,AID01129,Fast Lane,81,3,4
8,AID01129,Slow Lane,82,3,5
8,AID01131,Fast Lane,93,4,7
8,AID01131,Slow Lane,91,1,3
8,AID01132,Fast Lane,89,2,4
8,AID01132,Middle Lane,74,5,4
8,AID01132,Slow Lane,79,1,3
8,AID01133,Fast Lane,93,4,7
8,AID01133,Slow Lane,82,3,4
8,AID01134,Fast Lane,81,4,8
8,AID01134,Slow Lane,81,5,5
8,AID01135,Fast Lane,81,8,7
8,AID01135,Slow Lane,83,5,8
8,AID01136,Slow Lane,76,3,2
8,AID01201,Fast Lane,54,6,8
8,AID01201,Slow Lane,47,14,11
8,AID01202,Fast Lane,59,4,7
8,AID01202,Slow Lane,58,1,2
8,AID01203,Fast Lane,61,3,5
8,AID01203,Slow Lane,70,2,4
8,AID01204,Fast Lane,24,10,7
8,AID01204,Middle Lane,27,13,10
8,AID01204,Slow Lane,31,6,7
8,AID01205,Fast Lane,31,14,11
8,AID01205,Middle Lane,33,11,11
8,AID01205,Slow Lane,39,2,3
8,AID01206,Fast Lane,57,7,7
8,AID01206,Slow Lane,53,9,7
8,AID01207,Fast Lane,66,8,11
8,AID01207,Middle Lane,45,11,11
8,AID01207,Middle Lane,55,5,6
8,AID01207,Slow Lane,40,4,2
8,AID01208,Fast Lane,54,11,11
8,AID01208,Slow Lane,46,9,8
8,AID01209,Fast Lane,68,6,8
8,AID01209,Middle Lane,60,4,6
8,AID01209,Slow Lane,45,3,5
8,AID01210,Fast Lane,63,2,4
9,AID01101,Fast Lane,86,2,4
9,AID01101,Middle Lane,66,3,3
9,AID01102,Fast Lane,77,3,5
9,AID01102,Middle Lane,71,2,3
9,AID01103,Fast Lane,72,6,9
9,AID01103,Middle Lane,74,3,4
9,AID01103,Slow Lane,59,1,1
9,AID01104,Fast Lane,69,4,6
9,AID01104,Slow Lane,73,3,3
9,AID01105,Fast Lane,75,5,6
9,AID01105,Slow Lane,68,6,6
9,AID01106,Fast Lane,34,12,8
9,AID01106,Slow Lane,33,22,5
9,AID01107,Fast Lane,59,7,8
9,AID01107,Slow Lane,39,5,1
9,AID01108,Fast Lane,71,3,4
9,AID01109,Fast Lane,69,6,7
9,AID01109,Middle Lane,56,5,6
9,AID01109,Slow Lane,54,5,6
9,AID01110,Fast Lane,64,7,7
9,AID01110,Middle Lane,59,9,12
9,AID01110,Slow Lane,71,2,3
9,AID01111,Fast Lane,63,18,11
9,AID01111,Middle Lane,102,1,1
9,AID01111,Slow Lane,64,1,3
9,AID01112,Fast Lane,61,14,7
9,AID01112,Middle Lane,102,4,3
9,AID01112,Slow Lane,54,2,4
9,AID01113,Fast Lane,77,2,3
9,AID01113,Middle Lane,72,4,4
9,AID01114,Fast Lane,71,3,5
9,AID01114,Middle Lane,65,3,5
9,AID01114,Slow Lane,58,4,6
9,AID01115,Fast Lane,65,3,4
9,AID01116,Fast Lane,66,1,2
9,AID01116,Slow Lane,75,1,2
9,AID01117,Middle Lane,83,1,2
9,AID01118,Fast Lane,68,3,5
9,AID01118,Middle Lane,63,8,5
9,AID01119,Middle Lane,62,6,8
9,AID01119,Slow Lane,63,3,1
9,AID01120,Fast Lane,79,5,5
9,AID01120,Middle Lane,83,4,5
9,AID01120,Slow Lane,91,3,2
9,AID01121,Fast Lane,72,2,4
9,AID01121,Slow Lane,69,2,2
9,AID01123,Fast Lane,45,10,9
9,AID01123,Slow Lane,45,7,5
9,AID01124,Fast Lane,78,2,4
9,AID01124,Slow Lane,79,2,3
9,AID01125,Fast Lane,77,4,6
9,AID01125,Slow Lane,66,6,3
9,AID01126,Fast Lane,92,4,9
9,AID01126,Slow Lane,74,6,8
9,AID01127,Fast Lane,93,3,6
9,AID01127,Slow Lane,87,4,6
9,AID01128,Fast Lane,96,1,3
9,AID01128,Slow Lane,85,2,4
9,AID01129,Fast Lane,78,7,10
9,AID01129,Slow Lane,68,13,8
9,AID01131,Fast Lane,99,1,3
9,AID01131,Slow Lane,85,1,2
9,AID01132,Fast Lane,87,4,6
9,AID01132,Middle Lane,83,4,3
9,AID01133,Fast Lane,85,1,3
9,AID01133,Slow Lane,87,4,3
9,AID01135,Slow Lane,102,2,2
9,AID01136,Fast Lane,78,2,4
9,AID01136,Slow Lane,73,9,4
9,AID01201,Fast Lane,63,5,8
9,AID01201,Slow Lane,48,11,7
9,AID01202,Fast Lane,56,6,7
9,AID01202,Slow Lane,49,3,2
9,AID01203,Fast Lane,76,1,2
9,AID01203,Slow Lane,64,3,4
9,AID01204,Fast Lane,19,15,7
9,AID01204,Middle Lane,30,10,4
9,AID01204,Slow Lane,38,3,4
9,AID01205,Fast Lane,45,3,4
9,AID01205,Middle Lane,45,4,5
9,AID01205,Slow Lane,53,1,2
9,AID01206,Fast Lane,62,8,13
9,AID01206,Slow Lane,57,8,9
9,AID01207,Fast Lane,70,2,3
9,AID01207,Middle Lane,51,2,3
9,AID01207,Middle Lane,75,1,2
9,AID01207,Slow Lane,49,2,2
9,AID01208,Fast Lane,65,7,10
9,AID01208,Slow Lane,56,5,5
10,AID01101,Middle Lane,71,2,2
10,AID01103,Middle Lane,51,4,2
10,AID01103,Slow Lane,48,9,3
10,AID01104,Fast Lane,81,2,3
10,AID01105,Fast Lane,83,1,2
10,AID01105,Slow Lane,71,1,2
10,AID01106,Fast Lane,66,1,2
10,AID01106,Slow Lane,39,4,1
10,AID01108,Fast Lane,89,2,4
10,AID01109,Fast Lane,72,3,1
10,AID01109,Slow Lane,50,2,3
10,AID01110,Slow Lane,74,1,2
10,AID01111,Fast Lane,63,6,4
10,AID01111,Middle Lane,91,5,4
10,AID01111,Middle Lane,90,5,2
10,AID01111,Slow Lane,79,2,1
10,AID01112,Fast Lane,65,1,2
10,AID01112,Middle Lane ,71,2,1
10,AID01112,Middle Lane ,76,3,2
10,AID01112,Slow Lane,62,3,2
10,AID01113,Middle Lane,70,1,2
10,AID01114,Middle Lane,65,5,4
10,AID01115,Fast Lane,72,1,3
10,AID01115,Slow Lane,51,1,2
10,AID01116,Fast Lane,78,1,3
10,AID01116,Slow Lane,69,2,4
10,AID01117,Fast Lane,77,1,2
10,AID01117,Slow Lane,52,5,1
10,AID01119,Middle Lane,65,4,3
10,AID01119,Slow Lane,65,2,2
10,AID01120,Slow Lane,51,1,1
10,AID01123,Fast Lane,61,1,4
10,AID01123,Slow Lane,64,1,2
10,AID01124,Fast Lane,75,1,2
10,AID01124,Slow Lane,59,5,3
10,AID01125,Slow Lane,59,3,1
10,AID01126,Slow Lane,77,3,5
10,AID01127,Slow Lane,67,2,3
10,AID01128,Fast Lane,95,1,3
10,AID01128,Slow Lane,83,1,2
10,AID01131,Slow Lane,91,1,2
10,AID01134,Slow Lane,96,4,3
10,AID01135,Fast Lane,96,2,2
10,AID01136,Fast Lane,88,1,2
10,AID01136,Slow Lane,69,3,2
10,AID01201,Slow Lane,52,1,1
10,AID01204,Slow Lane,34,3,1
10,AID01205,Fast Lane,35,3,1
10,AID01205,Middle Lane,35,3,1
10,AID01206,Fast Lane,57,4,8
10,AID01206,Slow Lane,60,2,4
10,AID01207,Middle Lane ,74,1,2
11,AID01101,Fast Lane,76,3,3
11,AID01101,Middle Lane,57,3,1
11,AID01102,Middle Lane,66,4,4
11,AID01102,Slow Lane,59,1,1
11,AID01103,Fast Lane,80,1,2
11,AID01103,Middle Lane,65,2,2
11,AID01104,Fast Lane,53,1,1
11,AID01106,Fast Lane,46,3,2
11,AID01106,Slow Lane,51,5,1
11,AID01107,Fast Lane,77,1,3
11,AID01107,Slow Lane,53,4,1
11,AID01108,Fast Lane,81,2,4
11,AID01108,Slow Lane,91,1,2
11,AID01109,Slow Lane,63,1,2
11,AID01110,Middle Lane,64,6,7
11,AID01110,Slow Lane,58,6,4
11,AID01111,Fast Lane,83,4,3
11,AID01111,Middle Lane ,92,2,2
11,AID01112,Middle Lane ,74,2,1
11,AID01112,Middle Lane ,74,4,4
11,AID01112,Slow Lane,55,2,3
11,AID01117,Middle Lane ,71,3,3
11,AID01117,Middle Lane ,63,3,1
11,AID01119,Middle Lane,68,1,2
11,AID01121,Fast Lane,81,2,3
11,AID01122,Fast Lane,95,1,2
11,AID01123,Fast Lane,57,11,6
11,AID01123,Slow Lane,46,8,4
11,AID01125,Fast Lane,92,2,4
11,AID01125,Slow Lane,70,4,3
11,AID01126,Slow Lane,90,2,4
11,AID01127,Slow Lane,62,5,4
11,AID01128,Slow Lane,90,2,3
11,AID01129,Slow Lane,74,3,5
11,AID01132,Middle Lane,96,1,2
11,AID01133,Slow Lane,97,1,3
11,AID01136,Fast Lane,101,1,3
11,AID01136,Slow Lane,72,3,3
11,AID01201,Fast Lane,63,2,4
11,AID01201,Slow Lane,48,15,7
11,AID01202,Slow Lane,55,4,3
11,AID01203,Fast Lane,76,1,2
11,AID01203,Slow Lane,59,3,2
11,AID01204,Fast Lane,36,6,3
11,AID01204,Middle Lane,42,2,4
11,AID01204,Slow Lane,57,3,5
11,AID01206,Fast Lane,58,11,8
11,AID01206,Slow Lane,50,5,4
11,AID01207,Fast Lane,91,1,2
11,AID01207,Middle Lane ,76,1,3
12,AID01101,Fast Lane,73,1,1
12,AID01101,Middle Lane,65,4,1
12,AID01101,Slow Lane,49,6,2
12,AID01102,Fast Lane,80,2,3
12,AID01103,Fast Lane,71,2,2
12,AID01103,Middle Lane,71,2,3
12,AID01104,Slow Lane,66,3,4
12,AID01105,Fast Lane,102,2,4
12,AID01105,Slow Lane,88,2,3
12,AID01106,Fast Lane,64,3,1
12,AID01106,Slow Lane,64,1,1
12,AID01107,Slow Lane,53,1,1
12,AID01108,Fast Lane,88,2,4
12,AID01108,Slow Lane,88,1,2
12,AID01109,Fast Lane,83,2,3
12,AID01109,Middle Lane,62,1,2
12,AID01109,Slow Lane,60,2,4
12,AID01110,Middle Lane,61,3,4
12,AID01110,Slow Lane,51,2,2
12,AID01111,Fast Lane,84,2,5
12,AID01111,Middle Lane ,61,3,3
12,AID01111,Middle Lane ,54,3,1
12,AID01111,Slow Lane,50,2,2
12,AID01112,Fast Lane,46,1,1
12,AID01112,Middle Lane ,72,2,5
12,AID01113,Slow Lane,52,1,1
12,AID01114,Fast Lane,81,2,3
12,AID01115,Fast Lane,56,1,1
12,AID01115,Middle Lane,51,2,2
12,AID01116,Fast Lane,67,1,1
12,AID01117,Fast Lane,79,1,4
12,AID01117,Middle Lane ,71,5,5
12,AID01118,Middle Lane,76,2,3
12,AID01119,Middle Lane,40,3,3
12,AID01120,Slow Lane,53,5,2
12,AID01121,Fast Lane,87,1,2
12,AID01121,Slow Lane,55,3,1
12,AID01122,Fast Lane,80,1,3
12,AID01123,Slow Lane,61,1,3
12,AID01124,Fast Lane,94,1,5
12,AID01124,Slow Lane,79,1,2
12,AID01125,Fast Lane,87,4,6
12,AID01125,Slow Lane,85,4,4
12,AID01126,Fast Lane,97,1,2
12,AID01126,Slow Lane,88,2,4
12,AID01127,Slow Lane,80,2,3
12,AID01129,Fast Lane,82,1,2
12,AID01129,Slow Lane,71,2,4
12,AID01131,Slow Lane,88,1,2
12,AID01132,Middle Lane,76,2,3
12,AID01133,Fast Lane,89,2,3
12,AID01133,Slow Lane,81,3,2
12,AID01134,Fast Lane,81,1,2
12,AID01135,Fast Lane,91,2,2
12,AID01136,Fast Lane,91,2,4
12,AID01202,Fast Lane,62,4,4
12,AID01204,Fast Lane,65,1,2
12,AID01205,Fast Lane,48,7,5
12,AID01205,Middle Lane,54,3,4
12,AID01207,Fast Lane,73,3,2
12,AID01207,Middle Lane ,75,1,3
12,AID01207,Slow Lane,40,2,1
12,AID01208,Fast Lane,68,6,8
12,AID01208,Slow Lane,67,5,8
13,AID01102,Slow Lane,51,2,1
13,AID01103,Fast Lane,77,3,4
13,AID01103,Middle Lane,68,2,2
13,AID01103,Slow Lane,54,4,2
13,AID01104,Fast Lane,77,4,4
13,AID01104,Slow Lane,60,2,2
13,AID01105,Fast Lane,123,1,2
13,AID01106,Fast Lane,45,9,5
13,AID01106,Slow Lane,41,4,1
13,AID01108,Fast Lane,80,1,2
13,AID01109,Fast Lane,80,3,4
13,AID01109,Slow Lane,49,4,2
13,AID01110,Fast Lane,57,1,1
13,AID01110,Middle Lane,70,4,5
13,AID01110,Slow Lane,74,1,2
13,AID01111,Fast Lane,68,1,2
13,AID01111,Middle Lane ,71,1,2
13,AID01111,Slow Lane,64,2,2
13,AID01112,Middle Lane ,52,2,1
13,AID01112,Middle Lane ,65,1,2
13,AID01112,Slow Lane,55,6,4
13,AID01113,Middle Lane,77,1,3
13,AID01114,Middle Lane,79,1,2
13,AID01115,Fast Lane,62,2,3
13,AID01116,Fast Lane,69,2,3
13,AID01117,Fast Lane,81,2,3
13,AID01117,Middle Lane ,89,1,2
13,AID01119,Middle Lane,78,1,3
13,AID01119,Slow Lane,70,1,2
13,AID01120,Middle Lane,51,2,2
13,AID01121,Fast Lane,84,1,2
13,AID01123,Fast Lane,62,3,4
13,AID01123,Slow Lane,48,2,2
13,AID01124,Fast Lane,88,2,4
13,AID01124,Slow Lane,71,5,4
13,AID01125,Fast Lane,82,2,5
13,AID01126,Fast Lane,94,3,5
13,AID01126,Slow Lane,94,3,6
13,AID01127,Fast Lane,93,4,7
13,AID01127,Slow Lane,76,5,5
13,AID01128,Slow Lane,80,1,2
13,AID01129,Slow Lane,78,3,4
13,AID01132,Middle Lane,90,1,1
13,AID01135,Fast Lane,95,1,2
13,AID01201,Fast Lane,68,3,5
13,AID01201,Slow Lane,56,2,2
13,AID01202,Fast Lane,63,2,3
13,AID01203,Slow Lane,63,4,6
13,AID01204,Fast Lane,34,1,1
13,AID01206,Fast Lane,64,5,8
13,AID01206,Slow Lane,62,6,4
13,AID01208,Fast Lane,61,1,2
13,AID01208,Slow Lane,57,2,2
14,AID01101,Middle Lane,84,1,1
14,AID01102,Fast Lane,80,2,3
14,AID01102,Middle Lane,72,5,5
14,AID01102,Slow Lane,78,1,1
14,AID01103,Fast Lane,56,1,1
14,AID01103,Middle Lane,70,2,4
14,AID01104,Fast Lane,79,4,5
14,AID01105,Fast Lane,77,6,8
14,AID01105,Slow Lane,67,4,5
14,AID01106,Fast Lane,48,4,4
14,AID01106,Slow Lane,54,1,1
14,AID01107,Fast Lane,69,1,2
14,AID01107,Slow Lane,36,6,1
14,AID01108,Fast Lane,81,3,5
14,AID01108,Slow Lane,65,2,1
14,AID01109,Fast Lane,77,9,12
14,AID01110,Fast Lane,68,4,6
14,AID01110,Middle Lane,64,5,7
14,AID01110,Slow Lane,55,2,3
14,AID01111,Fast Lane,71,9,9
14,AID01111,Middle Lane ,60,6,4
14,AID01111,Middle Lane ,61,7,3
14,AID01111,Slow Lane,51,5,8
14,AID01112,Fast Lane,68,8,9
14,AID01112,Middle Lane ,53,9,4
14,AID01112,Middle Lane ,57,14,6
14,AID01112,Slow Lane,46,12,15
14,AID01113,Fast Lane,73,1,3
14,AID01114,Fast Lane,74,1,3
14,AID01114,Middle Lane,73,4,7
14,AID01114,Slow Lane,65,1,2
14,AID01115,Slow Lane,43,1,1
14,AID01117,Middle Lane ,73,1,2
14,AID01117,Middle Lane ,53,4,2
14,AID01117,Slow Lane,68,1,2
14,AID01118,Fast Lane,72,1,3
14,AID01118,Middle Lane,71,1,3
14,AID01119,Middle Lane,49,1,1
14,AID01119,Slow Lane,30,1,1
14,AID01120,Slow Lane,50,3,1
14,AID01121,Fast Lane,86,1,2
14,AID01121,Slow Lane,68,3,3
14,AID01122,Fast Lane,78,5,10
14,AID01122,Slow Lane,78,2,4
14,AID01123,Fast Lane,59,9,8
14,AID01123,Slow Lane,43,8,4
14,AID01124,Fast Lane,82,4,7
14,AID01124,Slow Lane,78,6,5
14,AID01125,Fast Lane,82,3,6
14,AID01125,Slow Lane,72,6,5
14,AID01126,Fast Lane,97,2,4
14,AID01127,Fast Lane,100,2,4
14,AID01127,Slow Lane,87,3,4
14,AID01128,Fast Lane,96,1,2
14,AID01128,Slow Lane,89,4,6
14,AID01129,Fast Lane,78,1,2
14,AID01129,Slow Lane,69,8,7
14,AID01132,Fast Lane,93,3,7
14,AID01133,Fast Lane,99,2,4
14,AID01133,Slow Lane,83,2,3
14,AID01134,Slow Lane,86,1,3
14,AID01135,Fast Lane,96,2,4
14,AID01135,Slow Lane,100,3,7
14,AID01136,Fast Lane,86,2,5
14,AID01136,Slow Lane,82,2,2
14,AID01201,Slow Lane,52,5,9
14,AID01202,Fast Lane,62,5,7
14,AID01202,Slow Lane,59,2,3
14,AID01203,Fast Lane,67,6,7
14,AID01203,Slow Lane,66,3,5
14,AID01204,Fast Lane,34,7,7
14,AID01204,Middle Lane,43,5,5
14,AID01204,Slow Lane,35,5,2
14,AID01206,Fast Lane,38,21,14
14,AID01206,Slow Lane,50,3,3
14,AID01207,Fast Lane,79,6,10
14,AID01207,Middle Lane ,53,6,6
14,AID01207,Middle Lane ,73,4,9
14,AID01207,Slow Lane,25,3,1
14,AID01208,Fast Lane,69,4,7
14,AID01208,Slow Lane,65,2,4
15,AID01101,Middle Lane,74,3,4
15,AID01102,Middle Lane,64,4,5
15,AID01103,Fast Lane,63,8,8
15,AID01103,Middle Lane,63,4,4
15,AID01103,Slow Lane,54,2,1
15,AID01104,Fast Lane,77,4,4
15,AID01104,Slow Lane,64,3,3
15,AID01105,Fast Lane,99,1,3
15,AID01106,Fast Lane,47,11,12
15,AID01106,Slow Lane,40,3,1
15,AID01107,Fast Lane,66,8,9
15,AID01107,Slow Lane,55,1,1
15,AID01108,Fast Lane,76,5,8
15,AID01109,Fast Lane,66,8,6
15,AID01109,Slow Lane,53,4,3
15,AID01110,Fast Lane,48,1,2
15,AID01110,Middle Lane,58,7,7
15,AID01110,Slow Lane,52,11,8
15,AID01111,Fast Lane,48,8,5
15,AID01111,Middle Lane ,56,8,3
15,AID01111,Middle Lane ,61,7,3
15,AID01111,Slow Lane,47,5,8
15,AID01112,Fast Lane,56,9,6
15,AID01112,Middle Lane ,66,5,2
15,AID01112,Middle Lane ,57,10,5
15,AID01112,Slow Lane,48,4,6
15,AID01113,Fast Lane,75,3,8
15,AID01113,Middle Lane,61,2,2
15,AID01113,Slow Lane,63,1,2
15,AID01114,Fast Lane,75,3,5
15,AID01114,Middle Lane,60,3,2
15,AID01115,Fast Lane,75,1,3
15,AID01115,Slow Lane,52,1,2
15,AID01117,Fast Lane,82,2,3
15,AID01117,Middle Lane ,60,5,3
15,AID01118,Fast Lane,72,3,5
15,AID01118,Middle Lane,63,4,6
15,AID01119,Fast Lane,57,2,2
15,AID01119,Middle Lane,39,7,4
15,AID01119,Slow Lane,22,12,1
15,AID01120,Middle Lane,67,3,3
15,AID01121,Fast Lane,72,4,5
15,AID01121,Slow Lane,59,3,4
15,AID01122,Fast Lane,82,4,7
15,AID01122,Slow Lane,67,1,3
15,AID01123,Fast Lane,54,4,5
15,AID01123,Slow Lane,48,3,2
15,AID01124,Fast Lane,85,4,8
15,AID01124,Slow Lane,97,2,3
15,AID01126,Fast Lane,95,5,8
15,AID01126,Slow Lane,83,2,2
15,AID01127,Fast Lane,85,8,11
15,AID01127,Slow Lane,69,8,5
15,AID01128,Fast Lane,98,4,6
15,AID01128,Slow Lane,82,7,4
15,AID01129,Fast Lane,82,2,3
15,AID01129,Slow Lane,72,1,4
15,AID01131,Fast Lane,97,1,3
15,AID01131,Slow Lane,89,4,6
15,AID01132,Fast Lane,95,2,4
15,AID01132,Middle Lane,106,2,4
15,AID01133,Slow Lane,108,3,6
15,AID01134,Slow Lane,89,2,4
15,AID01135,Fast Lane,78,3,3
15,AID01135,Slow Lane,99,1,2
15,AID01136,Fast Lane,82,5,8
15,AID01136,Slow Lane,78,1,2
15,AID01201,Fast Lane,69,1,3
15,AID01201,Slow Lane,54,10,10
15,AID01202,Fast Lane,58,6,8
15,AID01202,Slow Lane,50,3,4
15,AID01203,Fast Lane,68,2,3
15,AID01204,Fast Lane,21,44,7
15,AID01204,Slow Lane,39,7,4
15,AID01205,Fast Lane,32,10,5
15,AID01205,Middle Lane,44,7,5
15,AID01205,Slow Lane,37,6,3
15,AID01206,Fast Lane,48,11,10
15,AID01206,Slow Lane,44,12,6
15,AID01207,Fast Lane,70,8,11
15,AID01207,Middle Lane ,51,4,4
15,AID01207,Middle Lane ,67,9,10
15,AID01207,Slow Lane,38,1,2
15,AID01208,Fast Lane,72,4,7
15,AID01208,Slow Lane,61,4,7
16,AID01102,Fast Lane,61,2,2
16,AID01102,Middle Lane,58,6,3
16,AID01102,Slow Lane,67,3,1
16,AID01103,Fast Lane,79,3,4
16,AID01103,Middle Lane,71,4,4
16,AID01103,Slow Lane,32,7,2
16,AID01104,Fast Lane,76,3,3
16,AID01105,Fast Lane,105,2,3
16,AID01105,Slow Lane,63,1,2
16,AID01106,Fast Lane,57,7,5
16,AID01107,Fast Lane,68,8,8
16,AID01108,Fast Lane,77,4,6
16,AID01109,Fast Lane,74,3,6
16,AID01110,Fast Lane,62,3,4
16,AID01110,Middle Lane,58,13,7
16,AID01110,Slow Lane,61,11,7
16,AID01111,Fast Lane,60,10,11
16,AID01111,Middle Lane ,44,12,4
16,AID01111,Middle Lane ,52,6,4
16,AID01111,Slow Lane,52,1,2
16,AID01112,Fast Lane,58,14,14
16,AID01112,Middle Lane ,45,9,6
16,AID01112,Middle Lane ,66,2,4
16,AID01112,Slow Lane,48,7,4
16,AID01114,Fast Lane,69,1,2
16,AID01114,Middle Lane,57,3,2
16,AID01115,Fast Lane,71,1,2
16,AID01115,Middle Lane,68,2,3
16,AID01115,Slow Lane,47,2,2
16,AID01116,Fast Lane,65,3,5
16,AID01117,Fast Lane,78,3,5
16,AID01117,Middle Lane ,62,5,3
16,AID01118,Fast Lane,91,1,3
16,AID01118,Middle Lane,74,6,5
16,AID01119,Middle Lane,58,4,1
16,AID01119,Slow Lane,61,4,2
16,AID01120,Fast Lane,76,2,4
16,AID01120,Middle Lane,66,7,6
16,AID01120,Slow Lane,57,6,5
16,AID01121,Fast Lane,84,1,3
16,AID01122,Fast Lane,95,2,5
16,AID01123,Fast Lane,54,14,9
16,AID01123,Slow Lane,39,14,8
16,AID01124,Fast Lane,82,4,6
16,AID01125,Fast Lane,76,6,6
16,AID01125,Slow Lane,78,4,6
16,AID01126,Fast Lane,93,5,6
16,AID01126,Slow Lane,86,3,3
16,AID01127,Fast Lane,89,4,7
16,AID01127,Slow Lane,67,3,2
16,AID01128,Fast Lane,90,7,12
16,AID01128,Slow Lane,79,12,9
16,AID01129,Fast Lane,81,3,4
16,AID01129,Slow Lane,73,10,10
16,AID01130,Middle Lane ,98,3,2
16,AID01131,Fast Lane,100,3,6
16,AID01131,Slow Lane,92,1,3
16,AID01132,Middle Lane,85,2,3
16,AID01133,Fast Lane,100,2,6
16,AID01133,Slow Lane,105,1,3
16,AID01134,Fast Lane,86,1,4
16,AID01136,Fast Lane,82,1,3
16,AID01136,Slow Lane,83,3,4
16,AID01201,Fast Lane,65,4,7
16,AID01201,Slow Lane,59,5,8
16,AID01202,Fast Lane,61,7,12
16,AID01202,Slow Lane,55,7,8
16,AID01203,Fast Lane,70,3,5
16,AID01203,Slow Lane,73,2,4
16,AID01204,Fast Lane,24,5,4
16,AID01204,Middle Lane,26,3,3
16,AID01204,Slow Lane,27,6,4
16,AID01206,Fast Lane,45,17,15
16,AID01206,Slow Lane,49,14,11
16,AID01207,Fast Lane,68,5,6
16,AID01207,Middle Lane ,59,4,5
16,AID01207,Middle Lane ,70,3,5
16,AID01207,Slow Lane,50,2,5
16,AID01208,Fast Lane,68,3,5
16,AID01208,Slow Lane,64,1,2
17,AID01101,Middle Lane,60,3,4
17,AID01102,Middle Lane,74,1,1
17,AID01103,Middle Lane,58,5,3
17,AID01104,Fast Lane,68,1,2
17,AID01105,Fast Lane,79,7,8
17,AID01105,Slow Lane,87,6,9
17,AID01106,Fast Lane,55,14,10
17,AID01107,Fast Lane,75,3,4
17,AID01107,Slow Lane,29,6,1
17,AID01108,Fast Lane,81,1,3
17,AID01108,Slow Lane,69,3,3
17,AID01109,Fast Lane,61,4,2
17,AID01109,Middle Lane,65,4,5
17,AID01109,Slow Lane,62,6,5
17,AID01110,Fast Lane,64,4,4
17,AID01110,Middle Lane,59,7,10
17,AID01110,Slow Lane,58,2,2
17,AID01111,Fast Lane,88,3,6
17,AID01112,Fast Lane,68,1,2
17,AID01112,Middle Lane ,77,2,4
17,AID01113,Fast Lane,80,1,2
17,AID01113,Middle Lane,74,2,2
17,AID01114,Middle Lane,79,1,2
17,AID01115,Fast Lane,69,4,6
17,AID01116,Fast Lane,79,2,3
17,AID01117,Fast Lane,83,2,3
17,AID01117,Middle Lane ,61,2,3
17,AID01117,Middle Lane ,67,6,10
17,AID01117,Slow Lane,34,3,1
17,AID01118,Middle Lane,65,1,2
17,AID01119,Fast Lane,57,1,1
17,AID01119,Middle Lane,67,4,6
17,AID01119,Slow Lane,63,1,2
17,AID01120,Fast Lane,87,2,4
17,AID01120,Middle Lane,81,2,3
17,AID01120,Slow Lane,57,4,3
17,AID01121,Fast Lane,62,6,6
17,AID01121,Slow Lane,63,2,2
17,AID01123,Fast Lane,53,11,15
17,AID01123,Slow Lane,50,6,4
17,AID01124,Fast Lane,80,5,9
17,AID01124,Slow Lane,60,6,4
17,AID01125,Fast Lane,94,1,4
17,AID01125,Slow Lane,92,2,2
17,AID01126,Fast Lane,84,5,9
17,AID01126,Slow Lane,78,8,7
17,AID01127,Fast Lane,91,1,3
17,AID01127,Slow Lane,80,9,9
17,AID01128,Fast Lane,90,1,3
17,AID01128,Slow Lane,89,3,5
17,AID01129,Slow Lane,73,1,3
17,AID01131,Fast Lane,105,2,5
17,AID01131,Slow Lane,94,1,2
17,AID01132,Fast Lane,101,1,3
17,AID01132,Middle Lane,99,2,4
17,AID01133,Fast Lane,98,2,4
17,AID01133,Slow Lane,86,3,5
17,AID01134,Fast Lane,82,1,2
17,AID01134,Slow Lane,76,2,4
17,AID01135,Fast Lane,90,2,4
17,AID01135,Slow Lane,90,1,3
17,AID01136,Fast Lane,79,2,4
17,AID01136,Slow Lane,78,2,2
17,AID01201,Fast Lane,65,4,7
17,AID01201,Slow Lane,54,9,7
17,AID01202,Fast Lane,58,5,8
17,AID01202,Slow Lane,55,3,3
17,AID01203,Fast Lane,98,1,3
17,AID01203,Slow Lane,65,2,3
17,AID01204,Fast Lane,30,6,3
17,AID01204,Middle Lane,35,4,3
17,AID01204,Slow Lane,19,6,2
17,AID01205,Middle Lane,48,2,1
17,AID01206,Fast Lane,58,3,5
17,AID01206,Slow Lane,55,7,9
17,AID01207,Fast Lane,73,2,3
17,AID01207,Middle Lane ,71,1,2
17,AID01207,Slow Lane,48,2,4
17,AID01208,Fast Lane,71,4,5
17,AID01208,Slow Lane,64,2,4
18,AID01101,Fast Lane,85,2,5
18,AID01101,Middle Lane,61,8,7
18,AID01102,Middle Lane,73,2,3
18,AID01102,Slow Lane,63,1,1
18,AID01103,Fast Lane,85,2,3
18,AID01103,Middle Lane,80,1,2
18,AID01103,Slow Lane,59,2,1
18,AID01104,Slow Lane,80,2,3
18,AID01105,Fast Lane,77,2,4
18,AID01106,Fast Lane,51,2,3
18,AID01107,Fast Lane,63,2,2
18,AID01108,Fast Lane,80,1,3
18,AID01109,Fast Lane,72,6,4
18,AID01110,Fast Lane,67,1,2
18,AID01110,Middle Lane,63,2,3
18,AID01110,Slow Lane,76,2,3
18,AID01111,Fast Lane,84,2,4
18,AID01111,Slow Lane,63,2,5
18,AID01112,Fast Lane,73,1,2
18,AID01112,Middle Lane ,58,1,2
18,AID01112,Slow Lane,52,4,5
18,AID01113,Fast Lane,72,2,3
18,AID01113,Middle Lane,76,1,2
18,AID01114,Fast Lane,74,2,4
18,AID01114,Middle Lane,74,2,4
18,AID01114,Slow Lane,54,2,2
18,AID01115,Fast Lane,69,1,3
18,AID01115,Middle Lane,65,1,2
18,AID01115,Slow Lane,61,1,2
18,AID01117,Fast Lane,84,1,1
18,AID01117,Middle Lane ,56,2,2
18,AID01117,Middle Lane ,75,1,2
18,AID01117,Slow Lane,62,1,2
18,AID01118,Fast Lane,85,1,2
18,AID01118,Middle Lane,65,1,2
18,AID01119,Middle Lane,60,6,7
18,AID01119,Slow Lane,51,2,2
18,AID01120,Fast Lane,85,1,2
18,AID01120,Middle Lane,73,4,5
18,AID01120,Slow Lane,50,7,4
18,AID01121,Fast Lane,70,3,5
18,AID01121,Slow Lane,71,2,3
18,AID01123,Fast Lane,66,2,5
18,AID01123,Slow Lane,58,1,2
18,AID01124,Slow Lane,72,2,2
18,AID01125,Slow Lane,77,1,2
18,AID01126,Fast Lane,93,2,4
18,AID01126,Slow Lane,91,1,3
18,AID01127,Fast Lane,90,5,8
18,AID01127,Slow Lane,81,3,5
18,AID01128,Fast Lane,101,2,4
18,AID01128,Slow Lane,80,4,5
18,AID01129,Fast Lane,82,2,4
18,AID01129,Slow Lane,75,2,4
18,AID01131,Slow Lane,91,4,3
18,AID01133,Slow Lane,78,1,1
18,AID01134,Fast Lane,81,1,2
18,AID01134,Slow Lane,75,4,3
18,AID01135,Fast Lane,83,3,2
18,AID01135,Slow Lane,91,1,2
18,AID01201,Slow Lane,53,11,7
18,AID01202,Fast Lane,58,1,2
18,AID01202,Slow Lane,50,1,2
18,AID01203,Fast Lane,78,2,3
18,AID01204,Fast Lane,32,2,3
18,AID01204,Middle Lane,43,4,3
18,AID01204,Slow Lane,45,1,2
18,AID01206,Fast Lane,59,8,10
18,AID01206,Slow Lane,49,8,8
18,AID01207,Middle Lane ,61,1,2
18,AID01208,Fast Lane,66,1,2
18,AID01208,Slow Lane,64,1,2
19,AID01101,Fast Lane,70,8,11
19,AID01101,Middle Lane,73,12,11
19,AID01102,Fast Lane,70,4,6
19,AID01102,Middle Lane,76,5,7
19,AID01102,Slow Lane,66,1,2
19,AID01103,Fast Lane,70,10,12
19,AID01103,Middle Lane,59,7,7
19,AID01104,Fast Lane,66,11,11
19,AID01104,Slow Lane,60,3,3
19,AID01105,Fast Lane,76,6,7
19,AID01105,Slow Lane,60,6,8
19,AID01106,Fast Lane,49,8,9
19,AID01106,Slow Lane,42,3,1
19,AID01107,Fast Lane,48,13,10
19,AID01107,Slow Lane,34,11,2
19,AID01108,Fast Lane,75,5,7
19,AID01108,Slow Lane,73,6,7
19,AID01109,Fast Lane,64,7,8
19,AID01109,Middle Lane,48,5,5
19,AID01109,Slow Lane,47,14,13
19,AID01110,Fast Lane,59,4,5
19,AID01110,Middle Lane,46,16,11
19,AID01110,Slow Lane,43,11,6
19,AID01111,Fast Lane,67,15,16
19,AID01111,Middle Lane ,49,9,4
19,AID01111,Middle Lane ,48,3,1
19,AID01111,Slow Lane,43,10,6
19,AID01112,Fast Lane,56,11,9
19,AID01112,Middle Lane ,57,2,2
19,AID01112,Middle Lane ,63,9,7
19,AID01112,Slow Lane,51,6,5
19,AID01113,Fast Lane,70,2,4
19,AID01113,Middle Lane,68,4,7
19,AID01114,Fast Lane,69,4,7
19,AID01114,Middle Lane,70,6,6
19,AID01114,Slow Lane,37,12,5
19,AID01115,Fast Lane,70,3,5
19,AID01115,Slow Lane,53,4,4
19,AID01116,Fast Lane,72,2,5
19,AID01116,Slow Lane,62,2,3
19,AID01117,Fast Lane,67,4,5
19,AID01117,Middle Lane ,62,2,3
19,AID01117,Middle Lane ,62,7,7
19,AID01117,Slow Lane,50,4,2
19,AID01118,Fast Lane,5,6,1
19,AID01118,Middle Lane,12,4,2
19,AID01118,Slow Lane,33,7,6
19,AID01119,Fast Lane,38,10,7
19,AID01119,Middle Lane,27,25,10
19,AID01119,Slow Lane,23,26,11
19,AID01120,Fast Lane,67,7,10
19,AID01120,Middle Lane,67,3,4
19,AID01120,Slow Lane,55,6,4
19,AID01121,Fast Lane,77,3,4
19,AID01121,Slow Lane,56,3,4
19,AID01122,Fast Lane,72,5,9
19,AID01122,Slow Lane,73,2,3
19,AID01123,Fast Lane,52,8,13
19,AID01123,Slow Lane,50,10,11
19,AID01124,Fast Lane,76,6,12
19,AID01124,Slow Lane,66,8,7
19,AID01125,Fast Lane,74,9,15
19,AID01125,Slow Lane,69,9,9
19,AID01126,Fast Lane,84,6,10
19,AID01126,Slow Lane,84,5,8
19,AID01127,Fast Lane,88,4,6
19,AID01127,Slow Lane,88,3,6
19,AID01128,Fast Lane,87,7,13
19,AID01128,Slow Lane,90,4,10
19,AID01129,Fast Lane,76,5,9
19,AID01129,Slow Lane,67,13,11
19,AID01131,Fast Lane,99,3,7
19,AID01131,Slow Lane,93,3,5
19,AID01132,Fast Lane,87,9,11
19,AID01132,Middle Lane,79,8,10
19,AID01132,Slow Lane,93,1,2
19,AID01133,Fast Lane,92,5,9
19,AID01133,Slow Lane,87,3,5
19,AID01134,Fast Lane,88,2,5
19,AID01134,Slow Lane,95,2,2
19,AID01135,Fast Lane,86,5,5
19,AID01135,Slow Lane,109,3,7
19,AID01136,Fast Lane,72,8,12
19,AID01136,Slow Lane,77,8,6
19,AID01201,Fast Lane,59,6,9
19,AID01201,Slow Lane,45,18,11
19,AID01202,Fast Lane,61,5,7
19,AID01202,Slow Lane,50,6,4
19,AID01203,Fast Lane,68,6,9
19,AID01203,Slow Lane,61,3,4
19,AID01204,Fast Lane,31,26,9
19,AID01204,Middle Lane,24,11,6
19,AID01204,Slow Lane,24,18,9
19,AID01205,Fast Lane,21,10,7
19,AID01205,Middle Lane,25,15,8
19,AID01205,Slow Lane,38,4,6
19,AID01206,Fast Lane,58,8,9
19,AID01206,Slow Lane,53,6,5
19,AID01207,Fast Lane,61,9,11
19,AID01207,Middle Lane ,45,9,10
19,AID01207,Middle Lane ,53,14,14
19,AID01207,Slow Lane,44,2,3
19,AID01208,Fast Lane,67,9,12
19,AID01208,Slow Lane,52,10,10
20,AID01101,Fast Lane,78,3,6
20,AID01101,Middle Lane,79,4,7
20,AID01101,Slow Lane,34,1,1
20,AID01102,Fast Lane,73,9,11
20,AID01102,Middle Lane,76,3,4
20,AID01102,Slow Lane,62,5,6
20,AID01103,Fast Lane,77,4,6
20,AID01103,Middle Lane,67,3,4
20,AID01103,Slow Lane,54,5,2
20,AID01104,Fast Lane,81,7,7
20,AID01104,Slow Lane,66,7,6
20,AID01105,Fast Lane,76,4,7
20,AID01105,Slow Lane,67,5,6
20,AID01106,Fast Lane,27,15,3
20,AID01106,Slow Lane,42,2,1
20,AID01107,Fast Lane,52,17,16
20,AID01107,Slow Lane,42,10,4
20,AID01108,Fast Lane,75,9,11
20,AID01108,Slow Lane,64,4,5
20,AID01109,Fast Lane,69,3,4
20,AID01109,Slow Lane,54,8,9
20,AID01110,Fast Lane,59,4,5
20,AID01110,Middle Lane,37,23,13
20,AID01110,Slow Lane,38,18,9
20,AID01111,Fast Lane,64,15,8
20,AID01111,Middle Lane ,72,5,4
20,AID01111,Middle Lane ,69,8,6
20,AID01111,Slow Lane,55,6,8
20,AID01112,Fast Lane,57,10,10
20,AID01112,Middle Lane ,45,6,4
20,AID01112,Middle Lane ,49,7,3
20,AID01112,Slow Lane,46,5,6
20,AID01113,Fast Lane,77,3,5
20,AID01113,Middle Lane,69,4,6
20,AID01113,Slow Lane,61,4,5
20,AID01114,Fast Lane,76,2,4
20,AID01114,Middle Lane,65,9,11
20,AID01114,Slow Lane,44,6,2
20,AID01115,Fast Lane,55,7,10
20,AID01115,Middle Lane,55,1,2
20,AID01115,Slow Lane,42,4,2
20,AID01116,Fast Lane,64,2,4
20,AID01116,Slow Lane,67,2,2
20,AID01117,Fast Lane,34,19,12
20,AID01117,Middle Lane ,51,4,4
20,AID01117,Middle Lane ,20,26,10
20,AID01117,Slow Lane,55,1,2
20,AID01118,Fast Lane,12,8,2
20,AID01118,Middle Lane,14,17,5
20,AID01119,Fast Lane,39,12,8
20,AID01119,Middle Lane,35,23,10
20,AID01119,Slow Lane,32,25,10
20,AID01120,Fast Lane,69,3,6
20,AID01120,Middle Lane,61,2,3
20,AID01120,Slow Lane,54,5,4
20,AID01121,Fast Lane,80,5,8
20,AID01121,Slow Lane,60,3,3
20,AID01122,Fast Lane,74,10,14
20,AID01123,Fast Lane,54,12,12
20,AID01123,Slow Lane,44,12,9
20,AID01124,Fast Lane,82,8,14
20,AID01124,Slow Lane,68,9,7
20,AID01125,Fast Lane,75,6,11
20,AID01125,Slow Lane,86,1,2
20,AID01126,Fast Lane,76,10,16
20,AID01126,Slow Lane,76,7,7
20,AID01127,Fast Lane,68,17,21
20,AID01127,Slow Lane,69,14,12
20,AID01128,Fast Lane,92,2,6
20,AID01128,Slow Lane,81,5,6
20,AID01129,Fast Lane,72,8,9
20,AID01129,Slow Lane,65,12,12
20,AID01131,Fast Lane,96,3,6
20,AID01131,Slow Lane,88,5,6
20,AID01132,Fast Lane,94,4,7
20,AID01132,Middle Lane,83,5,8
20,AID01132,Slow Lane,80,4,6
20,AID01133,Fast Lane,97,4,8
20,AID01133,Slow Lane,82,7,8
20,AID01134,Fast Lane,82,5,9
20,AID01134,Slow Lane,81,6,6
20,AID01135,Fast Lane,94,5,8
20,AID01135,Slow Lane,92,5,9
20,AID01136,Fast Lane,73,8,13
20,AID01136,Slow Lane,76,3,5
20,AID01201,Fast Lane,62,4,8
20,AID01201,Slow Lane,48,18,12
20,AID01202,Fast Lane,57,4,7
20,AID01202,Slow Lane,55,2,3
20,AID01203,Fast Lane,57,4,4
20,AID01203,Slow Lane,64,2,4
20,AID01204,Fast Lane,23,29,11
20,AID01204,Middle Lane,27,5,5
20,AID01204,Slow Lane,28,15,10
20,AID01205,Fast Lane,29,17,11
20,AID01205,Middle Lane,32,14,11
20,AID01205,Slow Lane,42,13,12
20,AID01206,Fast Lane,37,12,11
20,AID01206,Slow Lane,37,13,11
20,AID01207,Fast Lane,65,8,12
20,AID01207,Middle Lane ,45,6,8
20,AID01207,Middle Lane ,60,9,13
20,AID01207,Slow Lane,39,1,2
20,AID01208,Fast Lane,56,13,11
20,AID01208,Slow Lane,53,7,9
21,AID01101,Fast Lane,82,4,4
21,AID01101,Middle Lane,74,3,3
21,AID01101,Slow Lane,53,2,1
21,AID01102,Fast Lane,68,7,7
21,AID01102,Middle Lane,64,9,7
21,AID01102,Slow Lane,57,8,6
21,AID01103,Fast Lane,64,10,10
21,AID01103,Middle Lane,48,12,8
21,AID01103,Slow Lane,38,17,2
21,AID01104,Fast Lane,63,14,13
21,AID01104,Slow Lane,62,8,5
21,AID01105,Fast Lane,69,1,2
21,AID01105,Slow Lane,56,5,8
21,AID01106,Fast Lane,23,43,7
21,AID01106,Slow Lane,37,5,2
21,AID01107,Fast Lane,52,16,14
21,AID01107,Slow Lane,33,5,1
21,AID01108,Fast Lane,62,11,15
21,AID01108,Slow Lane,64,3,3
21,AID01109,Middle Lane,50,7,8
21,AID01109,Slow Lane,53,9,12
21,AID01110,Fast Lane,42,10,10
21,AID01110,Middle Lane,24,26,13
21,AID01110,Slow Lane,23,12,8
21,AID01111,Fast Lane,70,8,13
21,AID01111,Middle Lane ,61,2,3
21,AID01111,Middle Lane ,66,2,3
21,AID01111,Slow Lane,57,3,4
21,AID01112,Fast Lane,65,13,15
21,AID01112,Middle Lane ,35,9,6
21,AID01112,Middle Lane ,53,15,12
21,AID01112,Slow Lane,48,7,3
21,AID01113,Fast Lane,80,1,3
21,AID01113,Middle Lane,75,2,4
21,AID01113,Slow Lane,71,1,2
21,AID01114,Middle Lane,57,4,3
21,AID01114,Slow Lane,32,6,2
21,AID01115,Fast Lane,57,8,6
21,AID01115,Middle Lane,72,1,2
21,AID01115,Slow Lane,55,3,4
21,AID01116,Fast Lane,72,2,4
21,AID01117,Fast Lane,16,22,6
21,AID01117,Middle Lane ,51,3,4
21,AID01117,Middle Lane ,27,15,7
21,AID01117,Slow Lane,51,2,2
21,AID01118,Fast Lane,21,20,10
21,AID01118,Middle Lane,15,22,8
21,AID01118,Slow Lane,40,6,5
21,AID01119,Fast Lane,23,2,1
21,AID01119,Middle Lane,24,16,4
21,AID01119,Slow Lane,45,2,2
21,AID01120,Fast Lane,68,11,13
21,AID01120,Middle Lane,63,4,5
21,AID01120,Slow Lane,40,11,7
21,AID01121,Fast Lane,65,8,11
21,AID01121,Slow Lane,74,2,3
21,AID01122,Fast Lane,77,5,9
21,AID01122,Slow Lane,76,1,2
21,AID01123,Fast Lane,40,18,13
21,AID01123,Slow Lane,38,12,9
21,AID01124,Fast Lane,86,2,6
21,AID01124,Slow Lane,65,5,3
21,AID01125,Fast Lane,77,7,14
21,AID01125,Slow Lane,72,3,4
21,AID01126,Fast Lane,87,8,14
21,AID01126,Slow Lane,71,11,13
21,AID01127,Fast Lane,75,16,20
21,AID01127,Slow Lane,67,10,10
21,AID01128,Fast Lane,90,6,11
21,AID01128,Slow Lane,89,7,10
21,AID01129,Fast Lane,71,15,18
21,AID01129,Slow Lane,69,9,11
21,AID01131,Fast Lane,98,5,11
21,AID01131,Slow Lane,84,8,11
21,AID01132,Fast Lane,93,2,4
21,AID01132,Middle Lane,91,3,5
21,AID01132,Slow Lane,84,3,5
21,AID01133,Fast Lane,103,1,3
21,AID01134,Fast Lane,85,6,6
21,AID01134,Slow Lane,82,1,2
21,AID01135,Fast Lane,90,1,3
21,AID01135,Slow Lane,93,4,9
21,AID01136,Fast Lane,82,8,13
21,AID01136,Slow Lane,79,3,5
21,AID01201,Fast Lane,53,3,5
21,AID01201,Slow Lane,38,21,11
21,AID01202,Fast Lane,59,9,12
21,AID01202,Slow Lane,55,3,5
21,AID01203,Fast Lane,67,5,6
21,AID01203,Slow Lane,63,2,4
21,AID01204,Fast Lane,13,15,4
21,AID01204,Middle Lane,17,20,4
21,AID01204,Slow Lane,26,5,3
21,AID01205,Fast Lane,37,2,2
21,AID01206,Fast Lane,36,18,16
21,AID01206,Slow Lane,37,20,15
21,AID01207,Fast Lane,65,7,10
21,AID01207,Middle Lane ,39,5,5
21,AID01207,Middle Lane ,61,6,9
21,AID01208,Fast Lane,66,16,12
21,AID01208,Slow Lane,63,5,7
22,AID01101,Fast Lane,57,12,8
22,AID01101,Middle Lane,74,13,7
22,AID01102,Fast Lane,64,10,11
22,AID01102,Middle Lane,67,9,7
22,AID01102,Slow Lane,66,8,6
22,AID01103,Fast Lane,66,15,14
22,AID01103,Middle Lane,58,4,4
22,AID01103,Slow Lane,24,2,1
22,AID01104,Fast Lane,63,4,3
22,AID01104,Slow Lane,77,6,5
22,AID01105,Fast Lane,62,3,3
22,AID01105,Slow Lane,59,8,6
22,AID01106,Fast Lane,15,38,6
22,AID01106,Slow Lane,24,5,3
22,AID01107,Fast Lane,54,16,13
22,AID01107,Slow Lane,39,2,1
22,AID01108,Fast Lane,78,3,6
22,AID01108,Slow Lane,76,2,5
22,AID01109,Fast Lane,65,6,7
22,AID01109,Slow Lane,38,19,8
22,AID01110,Fast Lane,38,19,14
22,AID01110,Middle Lane,30,21,14
22,AID01110,Slow Lane,31,14,6
22,AID01111,Fast Lane,66,13,17
22,AID01111,Middle Lane ,49,8,7
22,AID01111,Middle Lane ,70,5,7
22,AID01111,Slow Lane,63,1,2
22,AID01112,Fast Lane,62,16,15
22,AID01112,Middle Lane ,48,6,5
22,AID01112,Middle Lane ,70,4,4
22,AID01112,Slow Lane,53,6,5
22,AID01113,Middle Lane,72,1,3
22,AID01114,Fast Lane,75,2,4
22,AID01114,Middle Lane,55,7,7
22,AID01114,Slow Lane,64,4,7
22,AID01115,Fast Lane,65,2,3
22,AID01116,Fast Lane,58,5,6
22,AID01116,Slow Lane,58,4,3
22,AID01117,Fast Lane,9,19,4
22,AID01117,Middle Lane ,16,17,1
22,AID01117,Middle Lane ,9,64,2
22,AID01117,Slow Lane,46,7,6
22,AID01118,Fast Lane,31,12,9
22,AID01118,Middle Lane,25,31,9
22,AID01118,Slow Lane,41,4,4
22,AID01119,Fast Lane,18,22,4
22,AID01119,Middle Lane,13,44,4
22,AID01119,Slow Lane,30,10,8
22,AID01120,Fast Lane,67,8,10
22,AID01120,Middle Lane,65,8,8
22,AID01120,Slow Lane,33,23,12
22,AID01121,Fast Lane,72,6,10
22,AID01121,Slow Lane,83,1,3
22,AID01122,Fast Lane,68,8,14
22,AID01122,Slow Lane,65,3,2
22,AID01123,Fast Lane,55,6,12
22,AID01123,Slow Lane,52,5,8
22,AID01124,Fast Lane,80,9,16
22,AID01124,Slow Lane,67,6,11
22,AID01125,Fast Lane,75,6,12
22,AID01125,Slow Lane,69,3,6
22,AID01126,Fast Lane,74,10,16
22,AID01126,Slow Lane,68,12,13
22,AID01127,Fast Lane,72,11,15
22,AID01127,Slow Lane,65,9,11
22,AID01128,Fast Lane,84,9,17
22,AID01128,Slow Lane,69,12,15
22,AID01129,Fast Lane,77,6,8
22,AID01129,Slow Lane,63,11,16
22,AID01131,Fast Lane,108,1,3
22,AID01131,Slow Lane,78,2,4
22,AID01132,Fast Lane,90,3,5
22,AID01132,Middle Lane,85,10,11
22,AID01132,Slow Lane,70,6,5
22,AID01133,Fast Lane,94,4,9
22,AID01133,Slow Lane,83,6,6
22,AID01134,Fast Lane,77,7,11
22,AID01134,Slow Lane,84,6,7
22,AID01135,Fast Lane,93,6,9
22,AID01135,Slow Lane,90,5,10
22,AID01136,Fast Lane,76,7,11
22,AID01136,Slow Lane,84,3,6
22,AID01201,Fast Lane,66,5,9
22,AID01201,Slow Lane,54,21,11
22,AID01202,Fast Lane,58,9,13
22,AID01202,Slow Lane,60,1,2
22,AID01203,Fast Lane,69,4,6
22,AID01203,Slow Lane,71,2,4
22,AID01204,Fast Lane,23,7,4
22,AID01204,Middle Lane,24,3,3
22,AID01204,Slow Lane,25,4,2
22,AID01205,Slow Lane,21,5,1
22,AID01206,Fast Lane,28,25,16
22,AID01206,Slow Lane,43,8,6
22,AID01207,Fast Lane,71,6,11
22,AID01207,Middle Lane ,27,31,6
22,AID01207,Middle Lane ,60,9,11
22,AID01207,Slow Lane,21,9,7
22,AID01208,Fast Lane,68,7,10
22,AID01208,Slow Lane,56,9,10
23,AID01101,Fast Lane,69,7,10
23,AID01101,Middle Lane,60,9,4
23,AID01101,Slow Lane,39,2,1
23,AID01102,Fast Lane,75,5,7
23,AID01102,Middle Lane,69,4,4
23,AID01102,Slow Lane,63,4,6
23,AID01103,Fast Lane,78,5,5
23,AID01103,Middle Lane,63,4,5
23,AID01103,Slow Lane,28,5,1
23,AID01104,Fast Lane,60,14,13
23,AID01104,Slow Lane,56,5,3
23,AID01105,Fast Lane,74,14,16
23,AID01105,Slow Lane,57,10,10
23,AID01106,Fast Lane,39,17,14
23,AID01106,Slow Lane,40,3,1
23,AID01107,Fast Lane,53,18,16
23,AID01107,Slow Lane,41,12,3
23,AID01108,Fast Lane,73,4,6
23,AID01108,Slow Lane,75,1,3
23,AID01109,Fast Lane,27,16,9
23,AID01109,Slow Lane,17,27,5
23,AID01110,Fast Lane,41,8,9
23,AID01110,Middle Lane,23,20,11
23,AID01110,Slow Lane,26,21,11
23,AID01111,Fast Lane,60,12,14
23,AID01111,Middle Lane ,62,14,7
23,AID01111,Middle Lane ,55,11,5
23,AID01111,Slow Lane,69,2,1
23,AID01112,Fast Lane,53,20,17
23,AID01112,Middle Lane ,47,5,5
23,AID01112,Middle Lane ,63,6,5
23,AID01112,Slow Lane,53,2,4
23,AID01113,Fast Lane,73,4,6
23,AID01113,Middle Lane,62,3,4
23,AID01113,Slow Lane,66,2,2
23,AID01114,Fast Lane,70,4,5
23,AID01114,Middle Lane,75,1,2
23,AID01114,Slow Lane,43,8,2
23,AID01115,Fast Lane,62,6,9
23,AID01115,Slow Lane,51,1,2
23,AID01116,Fast Lane,65,4,6
23,AID01116,Slow Lane,59,2,2
23,AID01117,Fast Lane,43,9,8
23,AID01117,Middle Lane ,34,1,1
23,AID01117,Middle Lane ,27,25,13
23,AID01118,Fast Lane,38,3,3
23,AID01118,Middle Lane,24,38,13
23,AID01118,Slow Lane,32,10,6
23,AID01119,Fast Lane,26,11,8
23,AID01119,Middle Lane,17,29,9
23,AID01119,Slow Lane,27,18,8
23,AID01120,Fast Lane,66,5,7
23,AID01120,Middle Lane,57,10,8
23,AID01120,Slow Lane,29,23,8
23,AID01121,Fast Lane,71,6,9
23,AID01121,Slow Lane,85,1,2
23,AID01122,Fast Lane,71,9,13
23,AID01122,Slow Lane,63,1,2
23,AID01123,Fast Lane,33,15,13
23,AID01123,Slow Lane,40,12,10
23,AID01124,Fast Lane,76,10,17
23,AID01124,Slow Lane,57,7,6
23,AID01125,Fast Lane,72,10,14
23,AID01125,Slow Lane,70,6,6
23,AID01126,Fast Lane,83,5,7
23,AID01126,Slow Lane,79,9,10
23,AID01127,Fast Lane,81,7,11
23,AID01127,Slow Lane,77,6,9
23,AID01128,Fast Lane,89,8,16
23,AID01128,Slow Lane,78,9,10
23,AID01129,Fast Lane,75,1,3
23,AID01129,Slow Lane,66,6,7
23,AID01131,Fast Lane,92,2,5
23,AID01131,Slow Lane,81,4,4
23,AID01132,Fast Lane,83,5,5
23,AID01132,Middle Lane,83,8,6
23,AID01132,Slow Lane,55,2,1
23,AID01133,Fast Lane,109,2,4
23,AID01133,Slow Lane,79,2,3
23,AID01134,Fast Lane,88,3,6
23,AID01134,Slow Lane,71,5,5
23,AID01135,Fast Lane,88,3,6
23,AID01135,Slow Lane,100,2,4
23,AID01136,Fast Lane,70,9,12
23,AID01136,Slow Lane,73,5,7
23,AID01201,Fast Lane,55,4,7
23,AID01201,Slow Lane,43,22,11
23,AID01202,Fast Lane,59,7,10
23,AID01202,Slow Lane,55,4,6
23,AID01203,Fast Lane,55,10,11
23,AID01203,Slow Lane,52,6,6
23,AID01204,Fast Lane,34,3,3
23,AID01204,Middle Lane,52,2,3
23,AID01204,Slow Lane,42,12,9
23,AID01205,Fast Lane,23,15,7
23,AID01205,Middle Lane,25,18,6
23,AID01205,Slow Lane,36,4,2
23,AID01206,Fast Lane,38,17,18
23,AID01206,Slow Lane,42,10,10
23,AID01207,Fast Lane,53,14,16
23,AID01207,Middle Lane ,49,5,7
23,AID01208,Fast Lane,62,10,14
23,AID01208,Slow Lane,56,5,7
24,AID01101,Fast Lane,80,1,3
24,AID01101,Middle Lane,80,5,6
24,AID01101,Slow Lane,44,2,2
24,AID01102,Fast Lane,73,4,6
24,AID01102,Middle Lane,80,3,4
24,AID01102,Slow Lane,65,1,2
24,AID01103,Fast Lane,92,4,7
24,AID01103,Middle Lane,73,6,8
24,AID01103,Slow Lane,65,4,3
24,AID01104,Fast Lane,75,4,6
24,AID01104,Slow Lane,59,4,2
24,AID01105,Fast Lane,74,7,9
24,AID01105,Slow Lane,111,2,3
24,AID01106,Fast Lane,56,9,10
24,AID01107,Fast Lane,69,8,9
24,AID01107,Slow Lane,55,5,2
24,AID01108,Fast Lane,70,3,7
24,AID01108,Slow Lane,88,1,3
24,AID01109,Fast Lane,66,1,3
24,AID01109,Slow Lane,54,3,4
24,AID01110,Fast Lane,55,3,4
24,AID01110,Middle Lane,50,6,6
24,AID01110,Slow Lane,52,17,9
24,AID01111,Fast Lane,65,13,12
24,AID01111,Middle Lane ,59,2,1
24,AID01111,Middle Lane ,68,6,3
24,AID01112,Fast Lane,63,11,8
24,AID01112,Middle Lane ,75,6,4
24,AID01112,Middle Lane ,63,9,8
24,AID01112,Slow Lane,70,2,1
24,AID01113,Fast Lane,80,2,4
24,AID01113,Middle Lane,60,3,2
24,AID01114,Fast Lane,71,4,4
24,AID01114,Middle Lane,63,6,6
24,AID01114,Slow Lane,44,6,3
24,AID01116,Fast Lane,64,1,2
24,AID01116,Slow Lane,76,1,3
24,AID01117,Fast Lane,70,1,2
24,AID01117,Middle Lane ,38,1,2
24,AID01117,Middle Lane ,62,10,9
24,AID01118,Fast Lane,67,2,3
24,AID01118,Middle Lane,69,7,7
24,AID01118,Slow Lane,50,1,1
24,AID01119,Fast Lane,66,1,2
24,AID01119,Middle Lane,59,10,8
24,AID01119,Slow Lane,57,9,7
24,AID01120,Fast Lane,80,1,2
24,AID01120,Middle Lane,60,8,5
24,AID01120,Slow Lane,68,3,4
24,AID01121,Fast Lane,80,2,4
24,AID01121,Slow Lane,72,1,2
24,AID01122,Fast Lane,74,5,7
24,AID01122,Slow Lane,58,6,3
24,AID01123,Fast Lane,58,2,6
24,AID01123,Slow Lane,50,1,2
24,AID01124,Fast Lane,92,3,7
24,AID01124,Slow Lane,73,5,7
24,AID01125,Fast Lane,79,5,8
24,AID01125,Slow Lane,74,4,4
24,AID01126,Fast Lane,91,6,10
24,AID01126,Slow Lane,80,5,4
24,AID01127,Fast Lane,86,4,7
24,AID01127,Slow Lane,79,7,5
24,AID01128,Fast Lane,90,1,2
24,AID01128,Slow Lane,74,6,6
24,AID01129,Fast Lane,75,2,2
24,AID01129,Slow Lane,65,6,4
24,AID01131,Fast Lane,106,2,4
24,AID01131,Slow Lane,94,4,6
24,AID01132,Fast Lane,106,3,5
24,AID01132,Slow Lane,86,1,1
24,AID01133,Fast Lane,96,1,2
24,AID01133,Slow Lane,83,2,3
24,AID01134,Fast Lane,86,1,3
24,AID01134,Slow Lane,81,2,4
24,AID01135,Fast Lane,86,1,4
24,AID01136,Fast Lane,85,2,3
24,AID01201,Fast Lane,62,7,11
24,AID01201,Slow Lane,51,10,8
24,AID01202,Fast Lane,62,2,4
24,AID01203,Fast Lane,61,5,5
24,AID01203,Slow Lane,72,1,3
24,AID01204,Fast Lane,26,13,7
24,AID01204,Middle Lane,50,2,3
24,AID01205,Fast Lane,42,9,9
24,AID01205,Middle Lane,47,6,7
24,AID01206,Fast Lane,53,15,16
24,AID01206,Slow Lane,52,7,6
24,AID01207,Fast Lane,66,5,7
24,AID01207,Middle Lane ,36,2,2
24,AID01207,Middle Lane ,62,3,5
24,AID01208,Fast Lane,68,6,10
24,AID01208,Slow Lane,57,11,9
25,AID01101,Fast Lane,79,2,3
25,AID01101,Middle Lane,59,4,4
25,AID01101,Slow Lane,32,2,1
25,AID01102,Middle Lane,64,4,2
25,AID01103,Middle Lane,77,3,4
25,AID01104,Slow Lane,86,1,2
25,AID01105,Fast Lane,84,3,5
25,AID01105,Slow Lane,84,1,2
25,AID01106,Fast Lane,54,3,4
25,AID01106,Slow Lane,59,1,1
25,AID01107,Slow Lane,39,5,1
25,AID01108,Fast Lane,84,3,5
25,AID01109,Fast Lane,73,4,5
25,AID01109,Slow Lane,55,1,2
25,AID01110,Fast Lane,75,1,2
25,AID01110,Middle Lane,70,7,8
25,AID01110,Slow Lane,132,1,1
25,AID01111,Fast Lane,71,2,3
25,AID01111,Middle Lane ,62,2,3
25,AID01111,Slow Lane,73,3,3
25,AID01112,Fast Lane,76,1,2
25,AID01112,Middle Lane ,60,1,2
25,AID01112,Slow Lane,51,5,6
25,AID01113,Fast Lane,81,1,3
25,AID01113,Middle Lane,59,1,1
25,AID01114,Middle Lane,57,2,3
25,AID01115,Middle Lane,62,2,2
25,AID01116,Slow Lane,78,1,2
25,AID01117,Fast Lane,82,1,2
25,AID01117,Middle Lane ,41,2,2
25,AID01117,Middle Lane ,76,2,3
25,AID01118,Fast Lane,68,1,2
25,AID01118,Middle Lane,62,6,7
25,AID01118,Slow Lane,45,1,1
25,AID01119,Middle Lane,71,2,3
25,AID01119,Slow Lane,59,2,3
25,AID01120,Fast Lane,77,2,4
25,AID01120,Middle Lane,78,1,2
25,AID01120,Slow Lane,77,1,2
25,AID01121,Fast Lane,85,1,2
25,AID01122,Fast Lane,76,2,4
25,AID01123,Fast Lane,54,7,8
25,AID01123,Slow Lane,49,7,5
25,AID01124,Slow Lane,73,1,2
25,AID01125,Fast Lane,83,2,5
25,AID01125,Slow Lane,78,5,5
25,AID01126,Fast Lane,79,2,4
25,AID01126,Slow Lane,76,4,4
25,AID01128,Fast Lane,101,1,2
25,AID01128,Slow Lane,90,4,6
25,AID01129,Fast Lane,84,2,4
25,AID01129,Slow Lane,69,4,6
25,AID01131,Fast Lane,94,1,2
25,AID01131,Slow Lane,69,1,1
25,AID01133,Slow Lane,85,1,1
25,AID01134,Fast Lane,84,2,4
25,AID01134,Slow Lane,83,4,4
25,AID01135,Fast Lane,88,1,3
25,AID01135,Slow Lane,100,3,5
25,AID01136,Fast Lane,86,3,5
25,AID01201,Fast Lane,62,7,10
25,AID01201,Slow Lane,46,9,6
25,AID01202,Fast Lane,58,2,4
25,AID01202,Slow Lane,53,2,2
25,AID01203,Fast Lane,67,5,7
25,AID01203,Slow Lane,63,3,5
25,AID01204,Fast Lane,52,3,5
25,AID01204,Middle Lane,51,3,3
25,AID01205,Fast Lane,43,10,9
25,AID01205,Middle Lane,51,8,6
25,AID01205,Slow Lane,57,1,2
25,AID01206,Fast Lane,73,4,3
25,AID01206,Slow Lane,56,9,5
25,AID01207,Middle Lane ,62,2,2
25,AID01207,Slow Lane,30,2,1
25,AID01208,Fast Lane,70,3,5
26,AID01101,Fast Lane,89,1,2
26,AID01101,Middle Lane,71,6,5
26,AID01102,Fast Lane,67,5,6
26,AID01102,Middle Lane,67,10,13
26,AID01102,Slow Lane,64,5,7
26,AID01103,Fast Lane,75,10,13
26,AID01103,Middle Lane,71,6,8
26,AID01103,Slow Lane,61,4,4
26,AID01104,Fast Lane,66,12,12
26,AID01104,Slow Lane,56,12,6
26,AID01105,Fast Lane,85,5,7
26,AID01105,Slow Lane,71,5,5
26,AID01106,Fast Lane,22,36,13
26,AID01107,Fast Lane,54,14,14
26,AID01107,Slow Lane,49,7,2
26,AID01108,Fast Lane,75,4,7
26,AID01108,Slow Lane,76,4,8
26,AID01109,Fast Lane,31,15,10
26,AID01109,Middle Lane,38,3,3
26,AID01109,Slow Lane,40,15,10
26,AID01110,Fast Lane,36,13,9
26,AID01110,Middle Lane,29,20,12
26,AID01110,Slow Lane,46,6,8
26,AID01111,Fast Lane,65,15,14
26,AID01111,Middle Lane ,38,7,4
26,AID01111,Slow Lane,50,14,12
26,AID01112,Fast Lane,58,13,14
26,AID01112,Middle Lane ,33,3,1
26,AID01112,Slow Lane,41,20,15
26,AID01113,Fast Lane,74,5,7
26,AID01113,Slow Lane,65,2,4
26,AID01114,Fast Lane,72,1,3
26,AID01114,Middle Lane,63,5,7
26,AID01114,Slow Lane,42,2,3
26,AID01115,Fast Lane,65,1,2
26,AID01115,Middle Lane,55,6,5
26,AID01115,Slow Lane,68,4,4
26,AID01116,Fast Lane,55,8,10
26,AID01116,Slow Lane,58,6,5
26,AID01117,Fast Lane,36,17,12
26,AID01117,Middle Lane ,46,2,2
26,AID01117,Middle Lane ,17,49,8
26,AID01118,Middle Lane,16,9,3
26,AID01118,Slow Lane,24,8,5
26,AID01119,Fast Lane,18,21,6
26,AID01119,Middle Lane,25,32,8
26,AID01119,Slow Lane,26,48,9
26,AID01120,Fast Lane,64,11,14
26,AID01120,Middle Lane,54,6,4
26,AID01120,Slow Lane,34,16,10
26,AID01121,Fast Lane,70,3,5
26,AID01121,Slow Lane,81,1,2
26,AID01122,Fast Lane,76,5,6
26,AID01122,Slow Lane,62,5,4
26,AID01123,Fast Lane,24,21,12
26,AID01123,Slow Lane,34,13,11
26,AID01124,Fast Lane,71,12,19
26,AID01124,Slow Lane,65,9,7
26,AID01125,Fast Lane,78,7,12
26,AID01125,Slow Lane,71,4,3
26,AID01126,Fast Lane,83,7,12
26,AID01126,Slow Lane,78,4,6
26,AID01127,Fast Lane,72,8,12
26,AID01127,Slow Lane,66,11,11
26,AID01128,Fast Lane,86,8,15
26,AID01128,Slow Lane,80,10,9
26,AID01129,Fast Lane,71,10,14
26,AID01129,Slow Lane,64,10,11
26,AID01131,Fast Lane,88,1,3
26,AID01131,Slow Lane,94,5,7
26,AID01132,Fast Lane,94,1,2
26,AID01132,Middle Lane,89,3,5
26,AID01133,Slow Lane,90,2,4
26,AID01134,Fast Lane,88,2,5
26,AID01134,Slow Lane,80,2,6
26,AID01135,Fast Lane,93,2,5
26,AID01135,Slow Lane,99,6,12
26,AID01136,Fast Lane,76,7,11
26,AID01136,Slow Lane,78,4,6
26,AID01201,Fast Lane,61,5,9
26,AID01201,Slow Lane,47,15,12
26,AID01202,Fast Lane,57,5,8
26,AID01202,Slow Lane,54,3,5
26,AID01203,Fast Lane,73,4,5
26,AID01203,Slow Lane,63,5,6
26,AID01204,Fast Lane,36,12,7
26,AID01204,Middle Lane,46,7,9
26,AID01204,Slow Lane,37,9,9
26,AID01205,Fast Lane,28,19,14
26,AID01205,Middle Lane,31,25,14
26,AID01205,Slow Lane,31,16,7
26,AID01206,Fast Lane,53,10,11
26,AID01206,Slow Lane,56,6,8
26,AID01207,Fast Lane,68,4,6
26,AID01207,Middle Lane ,50,4,6
26,AID01207,Middle Lane ,62,2,4
26,AID01207,Slow Lane,43,6,7
26,AID01208,Fast Lane,64,5,8
26,AID01208,Slow Lane,57,9,9
27,AID01101,Fast Lane,73,9,13
27,AID01101,Middle Lane,71,6,9
27,AID01102,Fast Lane,84,6,9
27,AID01102,Middle Lane,73,4,5
27,AID01102,Slow Lane,61,6,7
27,AID01103,Fast Lane,54,15,13
27,AID01103,Middle Lane,41,10,4
27,AID01103,Slow Lane,32,12,3
27,AID01104,Fast Lane,69,11,10
27,AID01104,Slow Lane,59,1,2
27,AID01105,Fast Lane,71,8,11
27,AID01105,Slow Lane,66,7,10
27,AID01106,Fast Lane,44,13,12
27,AID01106,Slow Lane,57,1,1
27,AID01107,Fast Lane,64,6,9
27,AID01107,Slow Lane,46,8,2
27,AID01108,Fast Lane,75,8,11
27,AID01108,Slow Lane,79,3,6
27,AID01109,Fast Lane,53,14,16
27,AID01109,Slow Lane,39,12,11
27,AID01110,Fast Lane,44,16,11
27,AID01110,Middle Lane,38,13,11
27,AID01110,Slow Lane,39,9,7
27,AID01111,Fast Lane,64,11,10
27,AID01111,Middle Lane ,58,10,9
27,AID01111,Middle Lane ,55,7,6
27,AID01111,Slow Lane,66,1,2
27,AID01112,Fast Lane,64,12,9
27,AID01112,Middle Lane ,57,9,8
27,AID01112,Middle Lane ,55,6,5
27,AID01112,Slow Lane,57,5,5
27,AID01113,Fast Lane,80,1,3
27,AID01113,Middle Lane,71,1,1
27,AID01114,Fast Lane,73,5,8
27,AID01114,Middle Lane,65,6,9
27,AID01114,Slow Lane,63,5,5
27,AID01115,Fast Lane,64,4,6
27,AID01115,Middle Lane,58,2,3
27,AID01115,Slow Lane,57,1,2
27,AID01116,Fast Lane,49,5,5
27,AID01116,Slow Lane,57,2,4
27,AID01117,Fast Lane,45,14,11
27,AID01117,Middle Lane ,43,1,2
27,AID01117,Middle Lane ,23,15,2
27,AID01117,Slow Lane,40,2,3
27,AID01118,Middle Lane,23,5,3
27,AID01118,Slow Lane,47,3,3
27,AID01119,Fast Lane,38,7,7
27,AID01119,Middle Lane,21,24,8
27,AID01119,Slow Lane,37,14,10
27,AID01120,Fast Lane,71,5,7
27,AID01120,Middle Lane,62,7,9
27,AID01120,Slow Lane,44,11,9
27,AID01121,Fast Lane,75,8,11
27,AID01121,Slow Lane,68,1,3
27,AID01122,Fast Lane,78,4,7
27,AID01122,Slow Lane,97,2,3
27,AID01123,Fast Lane,50,11,16
27,AID01123,Slow Lane,46,10,11
27,AID01124,Fast Lane,74,8,15
27,AID01124,Slow Lane,64,7,8
27,AID01125,Fast Lane,76,6,11
27,AID01125,Slow Lane,74,3,2
27,AID01126,Fast Lane,88,7,9
27,AID01126,Slow Lane,71,10,9
27,AID01127,Fast Lane,78,16,16
27,AID01127,Slow Lane,66,15,10
27,AID01128,Fast Lane,99,4,7
27,AID01128,Slow Lane,88,5,6
27,AID01129,Fast Lane,82,6,10
27,AID01129,Slow Lane,76,6,11
27,AID01131,Fast Lane,95,5,9
27,AID01131,Slow Lane,84,7,6
27,AID01132,Fast Lane,95,4,7
27,AID01132,Middle Lane,84,6,7
27,AID01133,Fast Lane,97,3,7
27,AID01133,Slow Lane,93,4,4
27,AID01134,Fast Lane,87,2,6
27,AID01134,Slow Lane,73,5,5
27,AID01135,Fast Lane,95,3,5
27,AID01135,Slow Lane,100,4,9
27,AID01136,Fast Lane,73,7,11
27,AID01136,Slow Lane,73,6,9
27,AID01201,Fast Lane,61,3,6
27,AID01201,Slow Lane,50,22,17
27,AID01202,Fast Lane,58,5,8
27,AID01202,Slow Lane,64,2,3
27,AID01203,Fast Lane,60,5,7
27,AID01203,Slow Lane,64,7,8
27,AID01204,Fast Lane,21,32,9
27,AID01204,Middle Lane,22,24,10
27,AID01204,Slow Lane,33,8,6
27,AID01205,Fast Lane,19,40,7
27,AID01205,Middle Lane,15,25,5
27,AID01205,Slow Lane,31,6,5
27,AID01206,Fast Lane,15,40,11
27,AID01206,Slow Lane,21,30,12
27,AID01207,Fast Lane,43,27,21
27,AID01207,Middle Lane ,8,4,1
27,AID01207,Middle Lane ,27,17,10
27,AID01208,Fast Lane,57,11,13
27,AID01208,Slow Lane,57,8,10
28,AID01101,Fast Lane,67,6,9
28,AID01101,Middle Lane,61,14,10
28,AID01102,Fast Lane,77,6,8
28,AID01102,Middle Lane,78,4,5
28,AID01103,Fast Lane,75,4,6
28,AID01103,Middle Lane,74,2,4
28,AID01104,Fast Lane,65,12,13
28,AID01104,Slow Lane,69,6,4
28,AID01105,Fast Lane,75,8,11
28,AID01105,Slow Lane,81,3,4
28,AID01106,Fast Lane,15,41,10
28,AID01106,Slow Lane,30,2,1
28,AID01107,Fast Lane,54,20,18
28,AID01107,Slow Lane,36,5,1
28,AID01108,Fast Lane,79,4,6
28,AID01108,Slow Lane,73,3,3
28,AID01109,Fast Lane,66,11,12
28,AID01109,Slow Lane,53,7,7
28,AID01110,Fast Lane,52,5,7
28,AID01110,Middle Lane,30,26,10
28,AID01110,Slow Lane,30,30,13
28,AID01111,Fast Lane,71,10,10
28,AID01111,Middle Lane ,57,3,4
28,AID01111,Middle Lane ,76,2,1
28,AID01111,Slow Lane,60,2,6
28,AID01112,Fast Lane,66,4,7
28,AID01112,Middle Lane ,53,5,4
28,AID01112,Middle Lane ,67,6,7
28,AID01112,Slow Lane,57,5,4
28,AID01113,Middle Lane,70,4,8
28,AID01113,Slow Lane,61,2,2
28,AID01114,Fast Lane,74,1,3
28,AID01114,Middle Lane,63,10,10
28,AID01114,Slow Lane,61,4,6
28,AID01115,Fast Lane,66,2,3
28,AID01115,Middle Lane,62,1,2
28,AID01115,Slow Lane,44,8,5
28,AID01116,Fast Lane,70,2,4
28,AID01117,Fast Lane,51,10,9
28,AID01117,Middle Lane ,52,6,6
28,AID01117,Middle Lane ,54,5,7
28,AID01117,Slow Lane,53,4,4
28,AID01118,Fast Lane,31,17,10
28,AID01118,Middle Lane,31,21,14
28,AID01118,Slow Lane,42,6,5
28,AID01119,Fast Lane,44,4,4
28,AID01119,Middle Lane,36,5,3
28,AID01119,Slow Lane,30,5,3
28,AID01120,Fast Lane,63,4,5
28,AID01120,Middle Lane,56,8,5
28,AID01120,Slow Lane,35,7,3
28,AID01121,Fast Lane,63,9,12
28,AID01121,Slow Lane,69,4,6
28,AID01122,Fast Lane,71,9,13
28,AID01122,Slow Lane,83,5,5
28,AID01123,Fast Lane,42,16,17
28,AID01123,Slow Lane,39,12,6
28,AID01124,Fast Lane,80,5,10
28,AID01124,Slow Lane,66,6,8
28,AID01125,Fast Lane,69,12,15
28,AID01125,Slow Lane,65,8,6
28,AID01126,Fast Lane,87,7,10
28,AID01126,Slow Lane,74,6,9
28,AID01127,Fast Lane,86,6,9
28,AID01127,Slow Lane,78,7,7
28,AID01128,Fast Lane,86,6,11
28,AID01128,Slow Lane,81,9,9
28,AID01129,Fast Lane,76,6,10
28,AID01129,Slow Lane,64,12,12
28,AID01131,Fast Lane,93,5,8
28,AID01131,Slow Lane,84,4,7
28,AID01132,Fast Lane,91,6,10
28,AID01132,Middle Lane,92,4,6
28,AID01132,Slow Lane,77,2,4
28,AID01133,Fast Lane,99,4,6
28,AID01133,Slow Lane,95,2,4
28,AID01134,Fast Lane,79,2,4
28,AID01134,Slow Lane,91,1,3
28,AID01135,Fast Lane,74,4,4
28,AID01135,Slow Lane,87,5,8
28,AID01136,Fast Lane,84,3,5
28,AID01136,Slow Lane,82,3,3
28,AID01201,Fast Lane,60,6,9
28,AID01201,Slow Lane,45,12,10
28,AID01202,Fast Lane,67,6,9
28,AID01202,Slow Lane,59,1,2
28,AID01203,Fast Lane,66,4,5
28,AID01203,Slow Lane,69,4,7
28,AID01204,Fast Lane,16,23,8
28,AID01204,Middle Lane,19,32,7
28,AID01204,Slow Lane,17,25,5
28,AID01205,Fast Lane,38,12,11
28,AID01205,Middle Lane,35,8,6
28,AID01205,Slow Lane,39,5,5
28,AID01206,Fast Lane,47,4,5
28,AID01206,Slow Lane,55,4,5
28,AID01207,Fast Lane,72,9,15
28,AID01207,Middle Lane ,24,16,10
28,AID01207,Middle Lane ,64,8,12
28,AID01207,Slow Lane,6,25,3
28,AID01208,Fast Lane,59,12,15
28,AID01208,Slow Lane,66,6,9
29,AID01101,Fast Lane,76,6,10
29,AID01101,Middle Lane,74,3,5
29,AID01101,Slow Lane,47,1,1
29,AID01102,Fast Lane,74,4,5
29,AID01102,Middle Lane,66,6,6
29,AID01102,Slow Lane,61,1,2
29,AID01103,Fast Lane,67,14,15
29,AID01103,Middle Lane,59,8,7
29,AID01103,Slow Lane,51,3,1
29,AID01104,Fast Lane,64,7,7
29,AID01104,Slow Lane,58,14,6
29,AID01105,Fast Lane,74,6,7
29,AID01105,Slow Lane,68,5,7
29,AID01106,Fast Lane,37,20,14
29,AID01106,Slow Lane,38,3,1
29,AID01107,Fast Lane,56,16,14
29,AID01107,Slow Lane,50,12,4
29,AID01108,Fast Lane,69,10,12
29,AID01108,Slow Lane,64,2,3
29,AID01109,Fast Lane,72,6,8
29,AID01109,Slow Lane,55,5,7
29,AID01110,Fast Lane,55,6,6
29,AID01110,Middle Lane,38,17,10
29,AID01110,Slow Lane,33,13,10
29,AID01111,Fast Lane,70,9,13
29,AID01111,Middle Lane ,43,6,3
29,AID01111,Middle Lane ,66,5,2
29,AID01111,Slow Lane,39,9,10
29,AID01112,Fast Lane,71,2,3
29,AID01112,Middle Lane ,47,7,5
29,AID01112,Middle Lane ,57,16,14
29,AID01112,Slow Lane,40,17,17
29,AID01113,Fast Lane,75,3,5
29,AID01113,Middle Lane,65,2,5
29,AID01114,Fast Lane,73,2,4
29,AID01114,Middle Lane,66,4,5
29,AID01115,Fast Lane,70,7,10
29,AID01115,Middle Lane,63,4,5
29,AID01115,Slow Lane,56,1,2
29,AID01116,Fast Lane,17,11,6
29,AID01116,Slow Lane,39,3,3
29,AID01117,Fast Lane,26,23,9
29,AID01117,Middle Lane ,14,2,1
29,AID01117,Middle Lane ,18,45,10
29,AID01117,Slow Lane,1,18,1
29,AID01118,Slow Lane,32,3,3
29,AID01119,Middle Lane,37,1,1
29,AID01120,Fast Lane,72,5,6
29,AID01120,Middle Lane,67,2,4
29,AID01120,Slow Lane,12,28,4
29,AID01121,Fast Lane,67,4,6
29,AID01121,Slow Lane,75,1,3
29,AID01122,Fast Lane,72,5,8
29,AID01122,Slow Lane,56,1,1
29,AID01123,Fast Lane,46,6,12
29,AID01123,Slow Lane,51,5,7
29,AID01124,Fast Lane,79,7,12
29,AID01124,Slow Lane,72,5,6
29,AID01125,Fast Lane,78,6,12
29,AID01125,Slow Lane,73,2,3
29,AID01126,Fast Lane,85,13,22
29,AID01126,Slow Lane,85,2,5
29,AID01127,Fast Lane,78,11,15
29,AID01127,Slow Lane,83,5,7
29,AID01128,Fast Lane,88,6,11
29,AID01128,Slow Lane,77,9,7
29,AID01129,Fast Lane,76,6,10
29,AID01129,Slow Lane,69,12,11
29,AID01131,Fast Lane,92,7,11
29,AID01131,Slow Lane,82,4,4
29,AID01132,Fast Lane,89,4,6
29,AID01132,Middle Lane,84,7,8
29,AID01132,Slow Lane,77,1,2
29,AID01133,Fast Lane,96,2,5
29,AID01133,Slow Lane,81,10,8
29,AID01134,Fast Lane,91,1,3
29,AID01134,Slow Lane,86,1,5
29,AID01135,Fast Lane,95,1,3
29,AID01135,Slow Lane,97,2,6
29,AID01136,Fast Lane,65,9,12
29,AID01136,Slow Lane,62,9,9
29,AID01201,Fast Lane,63,5,10
29,AID01201,Slow Lane,47,9,12
29,AID01202,Fast Lane,58,12,14
29,AID01203,Fast Lane,64,5,7
29,AID01203,Slow Lane,63,5,6
29,AID01204,Fast Lane,12,51,3
29,AID01204,Slow Lane,13,21,3
29,AID01205,Fast Lane,1,18,1
29,AID01205,Middle Lane,4,21,2
29,AID01205,Slow Lane,29,3,3
29,AID01206,Fast Lane,53,6,9
29,AID01206,Slow Lane,49,8,11
29,AID01207,Fast Lane,71,6,9
29,AID01207,Middle Lane ,43,6,8
29,AID01207,Middle Lane ,62,6,10
29,AID01207,Slow Lane,45,3,3
29,AID01208,Fast Lane,67,5,7
29,AID01208,Slow Lane,57,4,7
